0,100,2007-05-25,2019-09-24,74,Cool Quickscoper,1979-03-23,Female,69107812,InternetContract;432
1,101,2002-05-22,2015-01-23,23,American Horse,1979-07-13,Female,54510239,DigitalTelevisionContract;third
2,102,2002-03-28,2017-08-10,98,Retarded Spooderman,2018-10-26,Male,80722447,MobileContract;718;708;449
3,103,1999-01-29,2014-08-17,92,Cool Man,1990-01-20,Female,43846742,InternetContract;5
4,104,2009-03-15,2017-12-08,15,American Goblin,1988-01-09,Male,49664705,DigitalTelevisionContract;fifth
5,105,1999-12-12,2016-03-14,60,Retarded Quickscoper,1997-02-23,Male,2699191,MobileContract;568;203;176
6,106,2008-05-18,2015-02-27,28,Rich Quickscoper,1981-03-12,Male,38113751,MobileContract;420;872;613
7,107,2005-01-03,2017-05-03,26,Super Horse,1981-10-05,Male,12495472,InternetContract;737
8,108,1998-07-06,2013-05-13,6,Brave Killer,1984-10-27,Male,46731805,InternetContract;139
9,109,2002-03-18,2015-12-19,18,Rich Killer,2013-10-18,Female,50175827,InternetContract;652
10,110,2004-02-24,2011-12-03,39,Fast Killer,2011-09-15,Female,53893420,MobileContract;225;843;705
11,111,1999-05-13,2016-03-03,43,Sexy Spooderman,2001-07-07,Male,37533327,InternetContract;670
12,112,2001-12-15,2013-05-04,71,Gummy Spy,1999-09-07,Male,562510,InternetContract;158
13,113,2002-02-06,2013-06-09,63,Yummy Vegan,2018-05-13,Female,72938591,DigitalTelevisionContract;sixth
14,114,1999-03-30,2018-03-09,28,Rich Quickscoper,1981-03-12,Male,38113751,DigitalTelevisionContract;second
15,115,2004-10-29,2019-04-23,35,Rich Carrot,1986-12-17,Male,29675258,MobileContract;556;638;156
16,116,2004-02-17,2013-04-14,68,Masked Killer,1984-10-31,Female,97827684,MobileContract;693;652;480
17,117,2002-08-30,2016-08-02,98,Retarded Spooderman,2018-10-26,Male,80722447,DigitalTelevisionContract;sixth
18,118,2003-01-10,2013-01-04,44,Great Man,2017-01-24,Female,90072529,DigitalTelevisionContract;first
19,119,2001-10-02,2017-02-26,13,Vegan Spy,2016-10-25,Male,25272848,MobileContract;917;631;629
20,120,1999-11-05,2017-10-05,33,Bisexual Killer,1993-01-23,Female,36050016,DigitalTelevisionContract;sixth
21,121,2008-08-10,2012-06-02,45,American Man,1998-06-05,Female,3389856,MobileContract;386;310;487
22,122,2006-11-27,2015-07-15,90,Super Coder,1992-06-16,Male,58017755,DigitalTelevisionContract;first
23,123,2007-01-15,2016-07-28,57,American Man,1988-04-19,Male,26007088,InternetContract;294
24,124,2009-01-08,2018-09-09,85,Vegan Vegan,2020-07-13,Female,14429489,InternetContract;508
25,125,2000-12-31,2011-11-17,0,Bisexual Quickscoper,2009-12-20,Male,94616285,InternetContract;47
26,126,2006-08-15,2015-12-25,59,Gummy Learner,2020-04-15,Male,64399353,MobileContract;726;996;448
27,127,2001-03-01,2019-11-13,18,Rich Killer,2013-10-18,Female,50175827,MobileContract;369;187;395
28,128,2008-11-06,2020-04-06,36,Retarded Coder,1981-08-17,Female,10081455,InternetContract;498
29,129,2004-12-03,2012-05-02,54,American Learner,1979-12-16,Female,18480699,InternetContract;352
30,130,1998-10-05,2017-08-13,22,Fast Quickscoper,2012-09-11,Female,61792735,MobileContract;656;274;412
31,131,2009-03-11,2011-12-07,4,Vegan Programmer,2005-09-04,Male,46447819,DigitalTelevisionContract;third
32,132,2005-01-09,2018-04-23,2,Great Quickscoper,2011-06-30,Male,63598839,InternetContract;251
33,133,2000-10-06,2018-10-09,71,Gummy Spy,1999-09-07,Male,562510,DigitalTelevisionContract;fifth
34,134,2001-01-06,2018-06-12,14,Lil Horse,1980-12-12,Male,16889186,MobileContract;330;546;782
35,135,2006-01-04,2017-02-10,65,Masked Quickscoper,1994-03-12,Male,77185032,MobileContract;872;433;462
36,136,2008-04-21,2012-07-23,54,American Learner,1979-12-16,Female,18480699,DigitalTelevisionContract;fourth
37,137,2003-02-19,2013-05-19,65,Masked Quickscoper,1994-03-12,Male,77185032,MobileContract;301;433;187
38,138,2006-06-04,2012-07-15,11,Great Man,1993-01-12,Male,37243327,DigitalTelevisionContract;fifth
39,139,2000-10-01,2014-02-17,6,Brave Killer,1984-10-27,Male,46731805,InternetContract;202
40,140,2005-03-01,2019-08-19,10,Mlg Stalker,1984-01-08,Female,70443530,MobileContract;690;355;664
41,141,2009-04-10,2011-12-20,26,Super Horse,1981-10-05,Male,12495472,InternetContract;724
42,142,2005-01-01,2015-06-05,6,Brave Killer,1984-10-27,Male,46731805,DigitalTelevisionContract;first
43,143,2007-08-31,2013-09-01,79,lil Woman,1991-08-29,Female,64479408,MobileContract;277;493;919
44,144,2003-04-01,2013-02-11,66,Fast Vegan,1983-04-06,Male,58573215,DigitalTelevisionContract;third
45,145,2004-10-29,2014-06-29,0,Bisexual Quickscoper,2009-12-20,Male,94616285,MobileContract;365;132;839
46,146,2005-02-16,2012-11-21,52,Great Spy,1983-06-05,Male,72894698,DigitalTelevisionContract;sixth
47,147,2005-02-01,2013-07-09,98,Retarded Spooderman,2018-10-26,Male,80722447,DigitalTelevisionContract;third
48,148,2008-08-10,2013-11-10,66,Fast Vegan,1983-04-06,Male,58573215,MobileContract;774;641;207
49,149,2003-03-04,2015-09-19,47,Cool Horse,2001-08-10,Male,13055736,MobileContract;434;254;846
50,150,2001-11-15,2017-09-21,75,Vegan Killer,2007-06-05,Female,46057169,DigitalTelevisionContract;sixth
51,151,2000-10-03,2012-09-17,86,Gummy Killer,2013-01-01,Male,52944307,DigitalTelevisionContract;sixth
52,152,2002-08-05,2018-01-06,23,American Horse,1979-07-13,Female,54510239,DigitalTelevisionContract;first
53,153,2001-11-28,2016-02-13,13,Vegan Spy,2016-10-25,Male,25272848,InternetContract;54
54,154,2006-11-26,2012-09-25,89,Shy Programmer,2009-07-03,Female,24246600,DigitalTelevisionContract;fourth
55,155,1998-08-21,2011-08-27,78,Brave Goat,2011-05-24,Female,56330625,InternetContract;31
56,156,2000-03-07,2016-03-12,24,American Man,2007-12-18,Male,55555777,MobileContract;701;989;559
57,157,2004-10-12,2013-12-31,28,Rich Quickscoper,1981-03-12,Male,38113751,MobileContract;862;534;616
58,158,2006-10-11,2011-08-03,5,Bisexual Killer,2019-05-24,Female,3486331,DigitalTelevisionContract;fifth
59,159,2006-11-03,2013-05-17,17,Fast Goat,1988-04-22,Male,13048738,MobileContract;152;176;123
60,160,2003-10-01,2016-12-06,94,Retarded Carrot,2007-09-02,Female,59933815,InternetContract;592
61,161,2009-09-13,2015-01-08,65,Masked Quickscoper,1994-03-12,Male,77185032,MobileContract;774;273;838
62,162,2007-01-01,2014-05-04,31,Unusual Woman,1992-05-03,Female,76231973,MobileContract;130;436;484
63,163,2000-10-23,2012-03-02,40,Rich Programmer,1997-12-24,Female,84492656,DigitalTelevisionContract;first
64,164,2005-07-07,2018-05-08,55,MLG Stalker,1990-09-15,Male,88460547,DigitalTelevisionContract;first
65,165,1999-02-07,2013-02-22,41,Shy Goat,1983-12-09,Female,31003681,InternetContract;597
66,166,1998-08-01,2013-01-08,30,Shy Quickscoper,1984-12-10,Male,63518675,InternetContract;961
67,167,1998-07-20,2013-05-28,65,Masked Quickscoper,1994-03-12,Male,77185032,InternetContract;339
68,168,2003-08-01,2012-05-26,69,Great Learner,1997-05-25,Female,31236158,DigitalTelevisionContract;third
69,169,2000-09-25,2011-10-09,26,Super Horse,1981-10-05,Male,12495472,InternetContract;58
70,170,2008-09-27,2012-07-31,25,Fast Hacker,2000-08-19,Male,33415261,InternetContract;828
71,171,2007-08-21,2019-04-20,8,Masked Coder,1983-06-10,Male,22836119,MobileContract;180;873;678
72,172,2008-10-01,2015-12-04,1,Yummy Hacker,2003-07-25,Male,9209285,DigitalTelevisionContract;sixth
73,173,2008-06-12,2014-05-14,57,American Man,1988-04-19,Male,26007088,MobileContract;303;258;478
74,174,2009-04-17,2017-12-22,3,Rich Killer,1997-06-14,Female,82328119,DigitalTelevisionContract;third
75,175,2004-11-07,2015-12-22,91,Great Spooderman,1998-04-26,Female,21543088,DigitalTelevisionContract;fifth
76,176,2005-01-13,2014-10-16,98,Retarded Spooderman,2018-10-26,Male,80722447,DigitalTelevisionContract;sixth
77,177,2007-09-24,2018-11-21,20,Fast Woman,1979-12-22,Female,63104663,DigitalTelevisionContract;first
78,178,2006-11-13,2019-01-20,81,Lil Killer,1993-06-04,Female,6587887,InternetContract;550
79,179,2008-09-20,2015-05-05,54,American Learner,1979-12-16,Female,18480699,InternetContract;661
80,180,2008-03-01,2020-04-09,5,Bisexual Killer,2019-05-24,Female,3486331,InternetContract;262
81,181,2007-01-08,2015-05-27,23,American Horse,1979-07-13,Female,54510239,InternetContract;157
82,182,2009-07-14,2015-04-04,94,Retarded Carrot,2007-09-02,Female,59933815,DigitalTelevisionContract;first
83,183,2006-05-05,2017-11-15,11,Great Man,1993-01-12,Male,37243327,MobileContract;750;312;523
84,184,2006-09-26,2017-08-17,38,lil Spy,2002-06-07,Female,54569486,DigitalTelevisionContract;second
85,185,2005-12-04,2018-03-22,22,Fast Quickscoper,2012-09-11,Female,61792735,MobileContract;251;386;497
86,186,2009-05-08,2017-05-09,57,American Man,1988-04-19,Male,26007088,DigitalTelevisionContract;first
87,187,2008-10-19,2013-11-02,58,Mlg Man,1988-09-12,Female,51173118,MobileContract;529;257;293
88,188,2008-01-24,2014-12-28,32,Cool Quickscoper,2020-01-26,Female,75549557,MobileContract;157;967;987
89,189,2004-09-15,2019-03-27,55,MLG Stalker,1990-09-15,Male,88460547,DigitalTelevisionContract;fourth
90,190,2001-05-20,2016-05-07,19,lil Coder,2007-07-05,Male,10136978,InternetContract;478
91,191,2003-12-10,2014-03-24,53,Vegan Goblin,2016-12-06,Male,12498193,MobileContract;497;700;335
92,192,2002-06-24,2018-11-06,73,lil Man,2020-02-17,Female,31645492,InternetContract;537
93,193,2007-11-12,2017-07-25,7,Masked Goat,2010-08-08,Female,53974706,InternetContract;735
94,194,2001-06-01,2017-03-25,73,lil Man,2020-02-17,Female,31645492,MobileContract;436;938;437
95,195,2006-04-28,2015-11-12,10,Mlg Stalker,1984-01-08,Female,70443530,InternetContract;513
96,196,2003-01-09,2013-06-05,52,Great Spy,1983-06-05,Male,72894698,InternetContract;512
97,197,2006-01-11,2014-08-25,10,Mlg Stalker,1984-01-08,Female,70443530,InternetContract;848
98,198,2007-10-02,2014-05-13,20,Fast Woman,1979-12-22,Female,63104663,MobileContract;506;209;966
99,199,1999-11-28,2014-06-18,86,Gummy Killer,2013-01-01,Male,52944307,DigitalTelevisionContract;fourth
100,200,2001-07-02,2018-02-13,0,Bisexual Quickscoper,2009-12-20,Male,94616285,InternetContract;381
101,201,1998-11-17,2019-05-30,83,Gummy Bear,2016-03-25,Female,15879819,MobileContract;812;488;966
102,202,2007-08-19,2013-10-13,61,American Horse,2000-11-01,Male,20354592,DigitalTelevisionContract;fifth
103,203,2005-01-16,2015-10-28,23,American Horse,1979-07-13,Female,54510239,MobileContract;569;312;273
104,204,2005-09-30,2018-08-18,78,Brave Goat,2011-05-24,Female,56330625,MobileContract;944;782;155
105,205,2006-10-08,2012-07-01,77,Fast Killer,2003-11-14,Male,93197140,DigitalTelevisionContract;second
106,206,2003-10-15,2012-01-01,85,Vegan Vegan,2020-07-13,Female,14429489,InternetContract;636
107,207,2009-02-19,2012-12-11,62,Masked Man,1983-06-28,Female,68718479,DigitalTelevisionContract;fifth
108,208,2010-02-20,2015-09-29,24,American Man,2007-12-18,Male,55555777,InternetContract;663
109,209,2010-04-25,2011-11-06,81,Lil Killer,1993-06-04,Female,6587887,MobileContract;560;658;375
110,210,2003-12-17,2018-11-08,64,Super Stalker,2018-06-02,Female,17703268,MobileContract;474;101;836
111,211,2008-04-21,2015-07-09,16,lil Goat,1986-04-29,Male,55339046,InternetContract;610
112,212,2002-01-30,2018-07-21,81,Lil Killer,1993-06-04,Female,6587887,DigitalTelevisionContract;fifth
113,213,2008-04-07,2015-12-03,88,Vegan Coder,1981-03-09,Female,97801606,DigitalTelevisionContract;second
114,214,2003-10-22,2017-11-03,67,Rich Killer,1989-01-16,Female,25860769,MobileContract;998;778;118
115,215,2001-04-29,2014-12-10,64,Super Stalker,2018-06-02,Female,17703268,MobileContract;724;274;610
116,216,2001-08-25,2018-05-12,97,Rich Bear,2000-04-19,Female,70422584,DigitalTelevisionContract;first
117,217,2010-04-09,2016-09-10,33,Bisexual Killer,1993-01-23,Female,36050016,MobileContract;417;347;839
118,218,2000-06-10,2013-02-01,9,Cool Goat,2014-06-30,Female,98820119,InternetContract;424
119,219,2008-08-31,2017-10-01,37,Yummy Woman,1994-12-08,Male,22574739,DigitalTelevisionContract;fifth
120,220,2008-06-21,2014-05-13,53,Vegan Goblin,2016-12-06,Male,12498193,MobileContract;147;523;499
121,221,2006-01-10,2013-11-28,30,Shy Quickscoper,1984-12-10,Male,63518675,MobileContract;504;617;472
122,222,1999-10-22,2011-10-17,62,Masked Man,1983-06-28,Female,68718479,DigitalTelevisionContract;first
123,223,2008-05-11,2018-10-04,77,Fast Killer,2003-11-14,Male,93197140,MobileContract;942;707;562
124,224,2007-09-23,2012-07-20,84,Lil Killer,2009-09-03,Male,25499239,MobileContract;250;313;533
125,225,2007-01-29,2015-02-21,71,Gummy Spy,1999-09-07,Male,562510,InternetContract;795
126,226,1998-05-25,2017-02-06,96,MLG Goat,2008-05-25,Male,14921073,InternetContract;994
127,227,2000-03-30,2017-06-26,32,Cool Quickscoper,2020-01-26,Female,75549557,MobileContract;423;530;720
128,228,2008-03-03,2013-02-13,84,Lil Killer,2009-09-03,Male,25499239,DigitalTelevisionContract;third
129,229,1998-08-10,2018-09-16,49,Unusual Spooderman,1989-03-13,Male,78289403,InternetContract;173
130,230,2009-11-09,2011-10-26,80,Vegan Stalker,2009-08-28,Female,92242392,MobileContract;485;647;701
131,231,2004-10-26,2017-10-10,61,American Horse,2000-11-01,Male,20354592,DigitalTelevisionContract;fifth
132,232,2009-08-13,2013-03-19,8,Masked Coder,1983-06-10,Male,22836119,MobileContract;228;388;620
133,233,2003-04-30,2013-08-21,1,Yummy Hacker,2003-07-25,Male,9209285,InternetContract;854
134,234,2009-06-06,2016-11-30,73,lil Man,2020-02-17,Female,31645492,DigitalTelevisionContract;fifth
135,235,2003-05-17,2014-06-30,49,Unusual Spooderman,1989-03-13,Male,78289403,MobileContract;781;702;106
136,236,2006-11-21,2018-04-04,88,Vegan Coder,1981-03-09,Female,97801606,InternetContract;236
137,237,2009-09-11,2014-03-13,53,Vegan Goblin,2016-12-06,Male,12498193,InternetContract;575
138,238,2006-05-19,2013-12-10,11,Great Man,1993-01-12,Male,37243327,InternetContract;561
139,239,2009-09-25,2018-04-28,40,Rich Programmer,1997-12-24,Female,84492656,DigitalTelevisionContract;fifth
140,240,2005-06-16,2012-04-29,76,Bisexual Spooderman,2012-06-06,Female,10245070,DigitalTelevisionContract;first
141,241,2006-08-04,2011-07-17,31,Unusual Woman,1992-05-03,Female,76231973,MobileContract;914;873;919
142,242,2002-10-25,2019-08-25,21,Fast Horse,1984-06-26,Male,85669873,MobileContract;856;106;413
143,243,2004-06-15,2018-01-13,49,Unusual Spooderman,1989-03-13,Male,78289403,MobileContract;592;958;553
144,244,2001-04-18,2013-07-08,43,Sexy Spooderman,2001-07-07,Male,37533327,InternetContract;248
145,245,2000-01-30,2012-04-19,44,Great Man,2017-01-24,Female,90072529,InternetContract;837
146,246,2004-04-30,2011-08-15,13,Vegan Spy,2016-10-25,Male,25272848,DigitalTelevisionContract;third
147,247,1998-10-26,2011-11-12,28,Rich Quickscoper,1981-03-12,Male,38113751,InternetContract;984
148,248,2000-04-16,2018-07-29,13,Vegan Spy,2016-10-25,Male,25272848,InternetContract;135
149,249,2002-06-22,2018-04-21,73,lil Man,2020-02-17,Female,31645492,MobileContract;339;902;881
150,250,2001-07-17,2012-05-23,29,MLG Carrot,1979-08-13,Male,89670216,DigitalTelevisionContract;first
151,251,2009-01-05,2012-07-06,42,Lil Stalker,1991-03-23,Female,17539779,InternetContract;211
152,252,2002-07-11,2020-03-04,17,Fast Goat,1988-04-22,Male,13048738,DigitalTelevisionContract;sixth
153,253,2003-01-21,2018-07-26,28,Rich Quickscoper,1981-03-12,Male,38113751,DigitalTelevisionContract;sixth
154,254,2002-06-26,2019-05-20,23,American Horse,1979-07-13,Female,54510239,MobileContract;114;681;430
155,255,2007-10-07,2012-11-10,1,Yummy Hacker,2003-07-25,Male,9209285,DigitalTelevisionContract;third
156,256,2005-08-21,2020-03-21,25,Fast Hacker,2000-08-19,Male,33415261,InternetContract;816
157,257,2001-05-05,2018-05-31,2,Great Quickscoper,2011-06-30,Male,63598839,MobileContract;260;807;460
158,258,2005-12-02,2016-03-03,49,Unusual Spooderman,1989-03-13,Male,78289403,DigitalTelevisionContract;second
159,259,1998-10-13,2017-02-07,35,Rich Carrot,1986-12-17,Male,29675258,MobileContract;703;610;734
160,260,2009-01-10,2014-02-27,57,American Man,1988-04-19,Male,26007088,DigitalTelevisionContract;first
161,261,2000-09-11,2013-11-08,80,Vegan Stalker,2009-08-28,Female,92242392,DigitalTelevisionContract;first
162,262,2000-12-28,2018-10-01,92,Cool Man,1990-01-20,Female,43846742,MobileContract;724;833;244
163,263,2009-02-20,2019-06-18,65,Masked Quickscoper,1994-03-12,Male,77185032,InternetContract;185
164,264,2004-07-16,2014-10-09,68,Masked Killer,1984-10-31,Female,97827684,InternetContract;290
165,265,2006-10-07,2014-06-07,51,Brave Goat,1984-04-10,Male,55231244,DigitalTelevisionContract;first
166,266,2000-01-16,2019-09-07,53,Vegan Goblin,2016-12-06,Male,12498193,MobileContract;418;397;391
167,267,2002-09-18,2014-12-19,98,Retarded Spooderman,2018-10-26,Male,80722447,DigitalTelevisionContract;first
168,268,2009-08-20,2013-01-03,89,Shy Programmer,2009-07-03,Female,24246600,DigitalTelevisionContract;fourth
169,269,2009-05-30,2018-10-30,83,Gummy Bear,2016-03-25,Female,15879819,DigitalTelevisionContract;fifth
170,270,1999-06-19,2019-01-28,1,Yummy Hacker,2003-07-25,Male,9209285,MobileContract;171;310;583
171,271,2008-01-04,2018-11-18,65,Masked Quickscoper,1994-03-12,Male,77185032,DigitalTelevisionContract;fifth
172,272,2007-08-28,2015-07-21,38,lil Spy,2002-06-07,Female,54569486,DigitalTelevisionContract;second
173,273,2000-04-07,2013-07-06,78,Brave Goat,2011-05-24,Female,56330625,InternetContract;87
174,274,2009-09-06,2011-06-16,47,Cool Horse,2001-08-10,Male,13055736,DigitalTelevisionContract;first
175,275,2006-08-23,2012-01-10,80,Vegan Stalker,2009-08-28,Female,92242392,DigitalTelevisionContract;second
176,276,2003-01-28,2016-12-28,48,American Horse,2001-05-28,Female,71341428,MobileContract;222;852;731
177,277,2004-02-14,2018-05-17,7,Masked Goat,2010-08-08,Female,53974706,DigitalTelevisionContract;fifth
178,278,2010-04-14,2016-02-02,2,Great Quickscoper,2011-06-30,Male,63598839,MobileContract;753;178;433
179,279,2002-01-09,2015-11-16,31,Unusual Woman,1992-05-03,Female,76231973,MobileContract;668;817;374
180,280,1999-02-23,2014-04-09,87,Mlg Quickscoper,1982-06-09,Male,56143266,DigitalTelevisionContract;fourth
181,281,2005-10-28,2019-12-27,5,Bisexual Killer,2019-05-24,Female,3486331,MobileContract;944;608;490
182,282,1998-07-13,2018-06-10,33,Bisexual Killer,1993-01-23,Female,36050016,DigitalTelevisionContract;fifth
183,283,2008-12-12,2012-05-23,63,Yummy Vegan,2018-05-13,Female,72938591,DigitalTelevisionContract;sixth
184,284,2001-03-29,2019-08-08,13,Vegan Spy,2016-10-25,Male,25272848,DigitalTelevisionContract;second
185,285,2009-07-29,2011-06-27,31,Unusual Woman,1992-05-03,Female,76231973,DigitalTelevisionContract;first
186,286,2004-11-03,2013-03-05,68,Masked Killer,1984-10-31,Female,97827684,DigitalTelevisionContract;first
187,287,2000-05-11,2013-02-18,79,lil Woman,1991-08-29,Female,64479408,DigitalTelevisionContract;fourth
188,288,2006-10-05,2018-11-22,76,Bisexual Spooderman,2012-06-06,Female,10245070,InternetContract;144
189,289,2002-04-20,2011-08-21,1,Yummy Hacker,2003-07-25,Male,9209285,InternetContract;944
190,290,2008-04-15,2013-01-09,95,Great Quickscoper,2009-02-02,Male,37247843,InternetContract;448
191,291,2001-03-06,2018-03-22,6,Brave Killer,1984-10-27,Male,46731805,MobileContract;424;923;306
192,292,2004-08-11,2016-01-12,93,Mlg Woman,2009-09-19,Female,35113267,MobileContract;892;671;877
193,293,2002-07-14,2014-06-30,78,Brave Goat,2011-05-24,Female,56330625,MobileContract;297;876;858
194,294,2001-07-28,2011-06-26,86,Gummy Killer,2013-01-01,Male,52944307,InternetContract;597
195,295,2003-09-30,2017-01-13,43,Sexy Spooderman,2001-07-07,Male,37533327,MobileContract;567;691;187
196,296,2008-02-10,2013-11-14,64,Super Stalker,2018-06-02,Female,17703268,MobileContract;904;830;578
197,297,2009-10-13,2011-11-27,65,Masked Quickscoper,1994-03-12,Male,77185032,InternetContract;260
198,298,2010-05-20,2014-09-07,10,Mlg Stalker,1984-01-08,Female,70443530,MobileContract;818;671;113
199,299,2004-04-19,2020-03-13,41,Shy Goat,1983-12-09,Female,31003681,MobileContract;154;353;833
200,300,2006-07-15,2018-11-10,96,MLG Goat,2008-05-25,Male,14921073,MobileContract;449;798;298
201,301,2006-04-26,2014-10-26,5,Bisexual Killer,2019-05-24,Female,3486331,MobileContract;254;611;266
202,302,2004-12-18,2018-01-14,88,Vegan Coder,1981-03-09,Female,97801606,MobileContract;529;296;609
203,303,2008-08-31,2014-05-10,40,Rich Programmer,1997-12-24,Female,84492656,InternetContract;720
204,304,2006-06-12,2017-06-22,26,Super Horse,1981-10-05,Male,12495472,DigitalTelevisionContract;second
205,305,2003-09-28,2016-02-11,62,Masked Man,1983-06-28,Female,68718479,MobileContract;287;550;251
206,306,2005-07-28,2011-09-14,29,MLG Carrot,1979-08-13,Male,89670216,InternetContract;785
207,307,1998-09-19,2014-02-19,45,American Man,1998-06-05,Female,3389856,InternetContract;121
208,308,2009-01-06,2012-09-03,77,Fast Killer,2003-11-14,Male,93197140,MobileContract;751;631;412
209,309,2007-10-12,2018-12-11,70,Vegan Vegan,1979-08-19,Male,29711255,DigitalTelevisionContract;second
210,310,2000-06-28,2012-04-27,3,Rich Killer,1997-06-14,Female,82328119,DigitalTelevisionContract;sixth
211,311,2007-04-24,2011-11-02,77,Fast Killer,2003-11-14,Male,93197140,MobileContract;184;458;472
212,312,2007-10-27,2012-01-26,36,Retarded Coder,1981-08-17,Female,10081455,MobileContract;815;398;726
213,313,2002-10-21,2012-10-03,59,Gummy Learner,2020-04-15,Male,64399353,DigitalTelevisionContract;sixth
214,314,2000-01-03,2019-06-01,65,Masked Quickscoper,1994-03-12,Male,77185032,DigitalTelevisionContract;sixth
215,315,2001-09-22,2013-07-11,99,Gummy Quickscoper,1982-03-13,Male,36163050,MobileContract;949;972;938
216,316,2009-05-23,2016-02-05,89,Shy Programmer,2009-07-03,Female,24246600,DigitalTelevisionContract;fourth
217,317,2009-10-11,2014-01-09,77,Fast Killer,2003-11-14,Male,93197140,DigitalTelevisionContract;second
218,318,2003-02-24,2011-07-03,8,Masked Coder,1983-06-10,Male,22836119,DigitalTelevisionContract;fourth
219,319,2003-05-23,2018-03-14,66,Fast Vegan,1983-04-06,Male,58573215,DigitalTelevisionContract;sixth
220,320,2010-03-20,2011-06-03,27,Brave Coder,1984-10-31,Male,36366842,DigitalTelevisionContract;sixth
221,321,1999-04-05,2013-12-14,27,Brave Coder,1984-10-31,Male,36366842,MobileContract;966;739;667
222,322,2004-11-17,2016-09-05,80,Vegan Stalker,2009-08-28,Female,92242392,DigitalTelevisionContract;sixth
223,323,2003-04-21,2017-03-22,12,lil Goblin,2018-02-23,Female,94665597,DigitalTelevisionContract;fifth
224,324,2008-06-29,2015-11-02,39,Fast Killer,2011-09-15,Female,53893420,InternetContract;718
225,325,2004-07-06,2014-08-26,94,Retarded Carrot,2007-09-02,Female,59933815,InternetContract;777
226,326,2003-09-01,2019-12-17,84,Lil Killer,2009-09-03,Male,25499239,DigitalTelevisionContract;fifth
227,327,2005-02-02,2016-11-01,26,Super Horse,1981-10-05,Male,12495472,InternetContract;547
228,328,2000-03-16,2013-03-02,76,Bisexual Spooderman,2012-06-06,Female,10245070,DigitalTelevisionContract;first
229,329,2002-06-26,2011-08-27,18,Rich Killer,2013-10-18,Female,50175827,DigitalTelevisionContract;fourth
230,330,2007-07-29,2019-04-29,94,Retarded Carrot,2007-09-02,Female,59933815,InternetContract;291
231,331,2005-02-21,2013-08-05,80,Vegan Stalker,2009-08-28,Female,92242392,DigitalTelevisionContract;first
232,332,2004-01-05,2015-07-15,0,Bisexual Quickscoper,2009-12-20,Male,94616285,InternetContract;257
233,333,2005-09-04,2016-08-04,74,Cool Quickscoper,1979-03-23,Female,69107812,DigitalTelevisionContract;fourth
234,334,2005-05-05,2016-11-20,1,Yummy Hacker,2003-07-25,Male,9209285,MobileContract;806;206;704
235,335,2004-03-13,2018-02-12,36,Retarded Coder,1981-08-17,Female,10081455,InternetContract;837
236,336,2008-06-05,2011-12-08,82,Lil Goblin,1988-01-21,Male,41383926,MobileContract;780;206;233
237,337,2008-08-04,2012-02-15,90,Super Coder,1992-06-16,Male,58017755,MobileContract;347;286;691
238,338,2002-06-02,2016-09-24,26,Super Horse,1981-10-05,Male,12495472,InternetContract;584
239,339,2003-12-28,2018-12-08,45,American Man,1998-06-05,Female,3389856,InternetContract;468
240,340,2000-06-27,2012-03-17,38,lil Spy,2002-06-07,Female,54569486,DigitalTelevisionContract;fifth
241,341,2009-10-10,2019-07-16,36,Retarded Coder,1981-08-17,Female,10081455,InternetContract;59
242,342,2001-02-15,2019-09-13,79,lil Woman,1991-08-29,Female,64479408,MobileContract;786;906;206
243,343,1999-02-04,2017-08-18,89,Shy Programmer,2009-07-03,Female,24246600,InternetContract;323
244,344,2004-02-28,2012-04-07,98,Retarded Spooderman,2018-10-26,Male,80722447,InternetContract;232
245,345,2008-04-09,2019-01-25,37,Yummy Woman,1994-12-08,Male,22574739,DigitalTelevisionContract;fifth
246,346,2005-02-12,2016-10-26,58,Mlg Man,1988-09-12,Female,51173118,MobileContract;324;424;813
247,347,1998-10-14,2019-07-28,40,Rich Programmer,1997-12-24,Female,84492656,DigitalTelevisionContract;second
248,348,2004-08-07,2014-04-24,54,American Learner,1979-12-16,Female,18480699,InternetContract;76
249,349,2000-01-30,2019-07-17,69,Great Learner,1997-05-25,Female,31236158,DigitalTelevisionContract;fourth
250,350,2008-10-19,2018-01-14,52,Great Spy,1983-06-05,Male,72894698,MobileContract;494;279;431
251,351,2003-09-14,2014-01-17,48,American Horse,2001-05-28,Female,71341428,MobileContract;513;438;196
252,352,2001-11-21,2013-03-13,19,lil Coder,2007-07-05,Male,10136978,DigitalTelevisionContract;sixth
253,353,1998-06-19,2014-10-29,41,Shy Goat,1983-12-09,Female,31003681,InternetContract;173
254,354,2006-03-07,2012-06-04,63,Yummy Vegan,2018-05-13,Female,72938591,DigitalTelevisionContract;sixth
255,355,2008-02-11,2018-09-29,77,Fast Killer,2003-11-14,Male,93197140,InternetContract;242
256,356,2006-07-21,2019-06-06,32,Cool Quickscoper,2020-01-26,Female,75549557,MobileContract;372;430;320
257,357,2003-07-21,2017-02-25,1,Yummy Hacker,2003-07-25,Male,9209285,MobileContract;460;138;736
258,358,2007-07-13,2014-03-02,77,Fast Killer,2003-11-14,Male,93197140,DigitalTelevisionContract;first
259,359,2009-12-05,2014-10-12,12,lil Goblin,2018-02-23,Female,94665597,DigitalTelevisionContract;sixth
260,360,2001-01-01,2020-04-01,14,Lil Horse,1980-12-12,Male,16889186,InternetContract;650
261,361,2000-05-12,2018-12-07,52,Great Spy,1983-06-05,Male,72894698,DigitalTelevisionContract;fifth
262,362,2002-02-06,2012-03-29,17,Fast Goat,1988-04-22,Male,13048738,DigitalTelevisionContract;first
263,363,2005-06-27,2013-01-08,10,Mlg Stalker,1984-01-08,Female,70443530,InternetContract;862
264,364,2003-03-07,2013-09-05,28,Rich Quickscoper,1981-03-12,Male,38113751,InternetContract;694
265,365,2005-01-20,2017-12-03,67,Rich Killer,1989-01-16,Female,25860769,InternetContract;756
266,366,2000-03-06,2012-04-17,56,Fast Goat,2019-12-22,Female,16594391,MobileContract;447;620;633
267,367,2004-07-08,2019-01-11,20,Fast Woman,1979-12-22,Female,63104663,InternetContract;314
268,368,1998-10-13,2015-06-13,12,lil Goblin,2018-02-23,Female,94665597,InternetContract;341
269,369,2009-01-14,2013-11-25,74,Cool Quickscoper,1979-03-23,Female,69107812,MobileContract;683;467;533
270,370,2008-08-22,2019-05-12,10,Mlg Stalker,1984-01-08,Female,70443530,InternetContract;699
271,371,2000-08-09,2013-09-05,18,Rich Killer,2013-10-18,Female,50175827,DigitalTelevisionContract;third
272,372,2007-06-06,2018-01-15,83,Gummy Bear,2016-03-25,Female,15879819,InternetContract;5
273,373,1999-07-29,2012-08-17,23,American Horse,1979-07-13,Female,54510239,MobileContract;497;495;703
274,374,2009-10-24,2017-08-24,23,American Horse,1979-07-13,Female,54510239,InternetContract;267
275,375,2006-08-23,2013-02-11,37,Yummy Woman,1994-12-08,Male,22574739,InternetContract;124
276,376,2005-11-18,2017-02-02,60,Retarded Quickscoper,1997-02-23,Male,2699191,MobileContract;318;177;144
277,377,2003-04-18,2014-07-02,72,Gummy Bear,1991-04-06,Female,88741535,InternetContract;959
278,378,2002-07-13,2011-08-08,43,Sexy Spooderman,2001-07-07,Male,37533327,DigitalTelevisionContract;sixth
279,379,2005-08-29,2017-06-01,92,Cool Man,1990-01-20,Female,43846742,MobileContract;428;191;135
280,380,2004-11-12,2016-01-01,55,MLG Stalker,1990-09-15,Male,88460547,MobileContract;360;652;386
281,381,2002-11-13,2013-08-23,38,lil Spy,2002-06-07,Female,54569486,MobileContract;557;635;111
282,382,2001-07-18,2020-03-06,84,Lil Killer,2009-09-03,Male,25499239,InternetContract;126
283,383,2004-12-10,2018-02-23,15,American Goblin,1988-01-09,Male,49664705,DigitalTelevisionContract;first
284,384,2009-09-15,2019-08-03,74,Cool Quickscoper,1979-03-23,Female,69107812,MobileContract;358;823;892
285,385,2002-12-13,2017-09-19,93,Mlg Woman,2009-09-19,Female,35113267,MobileContract;552;306;618
286,386,2003-03-05,2015-01-02,97,Rich Bear,2000-04-19,Female,70422584,InternetContract;708
287,387,2009-09-19,2012-11-22,54,American Learner,1979-12-16,Female,18480699,DigitalTelevisionContract;first
288,388,2003-10-05,2014-02-26,87,Mlg Quickscoper,1982-06-09,Male,56143266,MobileContract;122;424;294
289,389,2005-12-26,2019-01-14,40,Rich Programmer,1997-12-24,Female,84492656,MobileContract;276;815;711
290,390,2005-02-24,2012-12-04,23,American Horse,1979-07-13,Female,54510239,InternetContract;886
291,391,2001-05-27,2013-11-01,13,Vegan Spy,2016-10-25,Male,25272848,MobileContract;539;877;706
292,392,2001-05-26,2011-07-21,90,Super Coder,1992-06-16,Male,58017755,MobileContract;752;896;541
293,393,2003-10-05,2019-04-20,10,Mlg Stalker,1984-01-08,Female,70443530,MobileContract;809;859;498
294,394,2007-11-24,2015-01-04,59,Gummy Learner,2020-04-15,Male,64399353,InternetContract;376
295,395,2000-01-17,2015-04-28,10,Mlg Stalker,1984-01-08,Female,70443530,InternetContract;853
296,396,2006-05-02,2013-04-18,38,lil Spy,2002-06-07,Female,54569486,InternetContract;264
297,397,2008-05-23,2011-10-08,8,Masked Coder,1983-06-10,Male,22836119,MobileContract;558;599;196
298,398,1999-01-13,2017-02-20,6,Brave Killer,1984-10-27,Male,46731805,MobileContract;308;261;599
299,399,1999-05-17,2014-12-21,31,Unusual Woman,1992-05-03,Female,76231973,DigitalTelevisionContract;second
300,400,1999-09-24,2015-10-13,12,lil Goblin,2018-02-23,Female,94665597,DigitalTelevisionContract;sixth
301,401,2005-01-29,2015-11-28,20,Fast Woman,1979-12-22,Female,63104663,DigitalTelevisionContract;sixth
302,402,2008-10-16,2019-12-19,91,Great Spooderman,1998-04-26,Female,21543088,MobileContract;823;244;366
303,403,1999-08-12,2013-09-02,20,Fast Woman,1979-12-22,Female,63104663,InternetContract;933
304,404,2003-10-11,2013-12-10,27,Brave Coder,1984-10-31,Male,36366842,InternetContract;285
305,405,2004-05-28,2018-12-09,64,Super Stalker,2018-06-02,Female,17703268,InternetContract;295
306,406,2003-06-16,2012-08-12,15,American Goblin,1988-01-09,Male,49664705,InternetContract;956
307,407,2000-06-24,2018-12-02,69,Great Learner,1997-05-25,Female,31236158,DigitalTelevisionContract;fourth
308,408,2002-04-12,2018-12-29,90,Super Coder,1992-06-16,Male,58017755,DigitalTelevisionContract;second
309,409,2006-07-10,2016-02-08,90,Super Coder,1992-06-16,Male,58017755,DigitalTelevisionContract;third
310,410,2000-08-14,2012-10-02,5,Bisexual Killer,2019-05-24,Female,3486331,InternetContract;34
311,411,2000-07-13,2018-11-08,37,Yummy Woman,1994-12-08,Male,22574739,DigitalTelevisionContract;first
312,412,2009-02-06,2011-06-08,94,Retarded Carrot,2007-09-02,Female,59933815,InternetContract;329
313,413,2001-04-11,2019-05-12,19,lil Coder,2007-07-05,Male,10136978,InternetContract;947
314,414,2005-05-12,2012-03-09,56,Fast Goat,2019-12-22,Female,16594391,InternetContract;721
315,415,2001-02-02,2013-08-07,66,Fast Vegan,1983-04-06,Male,58573215,DigitalTelevisionContract;first
316,416,2002-11-03,2020-01-30,38,lil Spy,2002-06-07,Female,54569486,MobileContract;447;908;547
317,417,1999-08-15,2015-01-31,45,American Man,1998-06-05,Female,3389856,MobileContract;872;371;837
318,418,2007-05-13,2014-03-17,3,Rich Killer,1997-06-14,Female,82328119,DigitalTelevisionContract;third
319,419,2009-11-23,2012-09-29,35,Rich Carrot,1986-12-17,Male,29675258,DigitalTelevisionContract;sixth
320,420,2006-01-15,2018-04-30,7,Masked Goat,2010-08-08,Female,53974706,InternetContract;320
321,421,2008-01-16,2014-07-17,2,Great Quickscoper,2011-06-30,Male,63598839,DigitalTelevisionContract;fourth
322,422,1998-09-23,2014-09-15,11,Great Man,1993-01-12,Male,37243327,MobileContract;828;709;141
323,423,2000-07-02,2013-09-20,64,Super Stalker,2018-06-02,Female,17703268,InternetContract;331
324,424,2005-03-08,2012-10-27,2,Great Quickscoper,2011-06-30,Male,63598839,DigitalTelevisionContract;fifth
325,425,2002-05-05,2011-12-31,51,Brave Goat,1984-04-10,Male,55231244,InternetContract;183
326,426,2003-03-24,2012-06-19,9,Cool Goat,2014-06-30,Female,98820119,DigitalTelevisionContract;second
327,427,2008-11-04,2012-11-13,52,Great Spy,1983-06-05,Male,72894698,MobileContract;632;991;647
328,428,2005-06-26,2016-03-28,80,Vegan Stalker,2009-08-28,Female,92242392,MobileContract;224;144;706
329,429,2007-02-01,2012-02-01,87,Mlg Quickscoper,1982-06-09,Male,56143266,DigitalTelevisionContract;third
330,430,2006-02-20,2020-05-03,73,lil Man,2020-02-17,Female,31645492,InternetContract;691
331,431,2003-01-19,2016-10-06,65,Masked Quickscoper,1994-03-12,Male,77185032,DigitalTelevisionContract;fourth
332,432,2009-12-21,2012-09-23,21,Fast Horse,1984-06-26,Male,85669873,MobileContract;759;670;138
333,433,2008-02-12,2013-04-16,25,Fast Hacker,2000-08-19,Male,33415261,DigitalTelevisionContract;second
334,434,2001-09-07,2011-12-13,50,Gummy Bear,2006-11-03,Female,53719207,InternetContract;143
335,435,2005-02-15,2011-09-26,12,lil Goblin,2018-02-23,Female,94665597,DigitalTelevisionContract;first
336,436,2008-09-20,2014-10-16,92,Cool Man,1990-01-20,Female,43846742,DigitalTelevisionContract;second
337,437,2009-12-11,2017-07-04,27,Brave Coder,1984-10-31,Male,36366842,InternetContract;746
338,438,2004-11-12,2014-02-09,98,Retarded Spooderman,2018-10-26,Male,80722447,DigitalTelevisionContract;sixth
339,439,2007-11-12,2016-05-13,0,Bisexual Quickscoper,2009-12-20,Male,94616285,MobileContract;170;936;800
340,440,2005-10-21,2016-11-04,77,Fast Killer,2003-11-14,Male,93197140,MobileContract;962;970;748
341,441,2010-03-02,2017-02-25,88,Vegan Coder,1981-03-09,Female,97801606,MobileContract;932;753;446
342,442,2010-02-25,2015-11-23,48,American Horse,2001-05-28,Female,71341428,DigitalTelevisionContract;fourth
343,443,2008-08-11,2012-03-11,80,Vegan Stalker,2009-08-28,Female,92242392,DigitalTelevisionContract;sixth
344,444,2002-06-23,2012-08-06,74,Cool Quickscoper,1979-03-23,Female,69107812,DigitalTelevisionContract;first
345,445,1999-08-04,2014-01-19,11,Great Man,1993-01-12,Male,37243327,InternetContract;239
346,446,1998-05-27,2019-03-13,26,Super Horse,1981-10-05,Male,12495472,DigitalTelevisionContract;third
347,447,2010-05-02,2014-07-08,72,Gummy Bear,1991-04-06,Female,88741535,InternetContract;234
348,448,2006-08-09,2012-07-16,37,Yummy Woman,1994-12-08,Male,22574739,MobileContract;896;373;517
349,449,2009-03-06,2016-04-06,18,Rich Killer,2013-10-18,Female,50175827,MobileContract;116;804;124
350,450,2009-09-02,2016-11-04,41,Shy Goat,1983-12-09,Female,31003681,InternetContract;843
351,451,2002-05-09,2018-01-26,94,Retarded Carrot,2007-09-02,Female,59933815,DigitalTelevisionContract;third
352,452,2004-02-05,2018-11-14,15,American Goblin,1988-01-09,Male,49664705,DigitalTelevisionContract;fifth
353,453,2006-11-24,2011-10-23,69,Great Learner,1997-05-25,Female,31236158,InternetContract;320
354,454,2006-06-10,2012-11-20,63,Yummy Vegan,2018-05-13,Female,72938591,DigitalTelevisionContract;fourth
355,455,2009-01-04,2014-03-29,13,Vegan Spy,2016-10-25,Male,25272848,DigitalTelevisionContract;third
356,456,2001-07-21,2014-02-07,89,Shy Programmer,2009-07-03,Female,24246600,InternetContract;887
357,457,2001-03-17,2016-06-14,25,Fast Hacker,2000-08-19,Male,33415261,DigitalTelevisionContract;fifth
358,458,2005-12-26,2016-12-25,90,Super Coder,1992-06-16,Male,58017755,MobileContract;615;311;528
359,459,2008-08-19,2013-04-15,86,Gummy Killer,2013-01-01,Male,52944307,DigitalTelevisionContract;first
360,460,2009-12-23,2016-06-16,43,Sexy Spooderman,2001-07-07,Male,37533327,MobileContract;560;900;124
361,461,2001-10-10,2013-09-07,15,American Goblin,1988-01-09,Male,49664705,MobileContract;868;561;809
362,462,2004-11-10,2011-09-01,37,Yummy Woman,1994-12-08,Male,22574739,InternetContract;761
363,463,2009-06-18,2018-10-21,70,Vegan Vegan,1979-08-19,Male,29711255,MobileContract;509;988;248
364,464,2004-07-15,2013-01-08,32,Cool Quickscoper,2020-01-26,Female,75549557,DigitalTelevisionContract;third
365,465,2007-09-07,2017-07-07,85,Vegan Vegan,2020-07-13,Female,14429489,DigitalTelevisionContract;fifth
366,466,2000-12-23,2020-02-17,61,American Horse,2000-11-01,Male,20354592,DigitalTelevisionContract;sixth
367,467,2002-03-16,2016-02-23,25,Fast Hacker,2000-08-19,Male,33415261,InternetContract;352
368,468,2007-12-06,2017-07-06,90,Super Coder,1992-06-16,Male,58017755,InternetContract;981
369,469,2002-07-04,2015-10-30,68,Masked Killer,1984-10-31,Female,97827684,DigitalTelevisionContract;third
370,470,2001-10-31,2019-08-16,68,Masked Killer,1984-10-31,Female,97827684,MobileContract;953;614;538
371,471,2008-10-23,2015-04-15,73,lil Man,2020-02-17,Female,31645492,InternetContract;538
372,472,2003-10-06,2012-01-23,69,Great Learner,1997-05-25,Female,31236158,DigitalTelevisionContract;first
373,473,2001-01-16,2013-01-16,0,Bisexual Quickscoper,2009-12-20,Male,94616285,MobileContract;615;652;421
374,474,2006-06-16,2020-01-04,76,Bisexual Spooderman,2012-06-06,Female,10245070,MobileContract;857;977;681
375,475,2007-09-12,2011-09-27,35,Rich Carrot,1986-12-17,Male,29675258,DigitalTelevisionContract;fifth
376,476,2009-05-11,2011-12-24,90,Super Coder,1992-06-16,Male,58017755,DigitalTelevisionContract;third
377,477,2007-03-09,2017-02-04,11,Great Man,1993-01-12,Male,37243327,MobileContract;272;796;622
378,478,1998-07-29,2012-11-01,27,Brave Coder,1984-10-31,Male,36366842,DigitalTelevisionContract;fourth
379,479,2003-04-14,2014-01-28,3,Rich Killer,1997-06-14,Female,82328119,InternetContract;768
380,480,1999-11-22,2018-12-04,21,Fast Horse,1984-06-26,Male,85669873,MobileContract;596;977;244
381,481,2004-07-11,2012-07-01,44,Great Man,2017-01-24,Female,90072529,DigitalTelevisionContract;fifth
382,482,2005-09-19,2019-08-04,47,Cool Horse,2001-08-10,Male,13055736,DigitalTelevisionContract;fifth
383,483,2004-04-24,2012-10-12,82,Lil Goblin,1988-01-21,Male,41383926,InternetContract;378
384,484,2008-06-21,2015-03-18,18,Rich Killer,2013-10-18,Female,50175827,InternetContract;155
385,485,1999-03-10,2019-01-20,11,Great Man,1993-01-12,Male,37243327,DigitalTelevisionContract;third
386,486,2006-09-19,2012-02-25,55,MLG Stalker,1990-09-15,Male,88460547,DigitalTelevisionContract;fourth
387,487,1999-10-14,2016-05-27,98,Retarded Spooderman,2018-10-26,Male,80722447,DigitalTelevisionContract;fifth
388,488,2007-06-16,2013-02-26,72,Gummy Bear,1991-04-06,Female,88741535,InternetContract;967
389,489,2005-03-24,2012-02-15,73,lil Man,2020-02-17,Female,31645492,InternetContract;446
390,490,1999-09-13,2014-06-02,41,Shy Goat,1983-12-09,Female,31003681,InternetContract;617
391,491,2006-09-15,2011-12-18,80,Vegan Stalker,2009-08-28,Female,92242392,MobileContract;713;829;290
392,492,2001-11-28,2016-10-01,63,Yummy Vegan,2018-05-13,Female,72938591,MobileContract;525;462;780
393,493,2002-04-02,2018-10-02,60,Retarded Quickscoper,1997-02-23,Male,2699191,MobileContract;903;908;336
394,494,2008-06-04,2014-03-07,71,Gummy Spy,1999-09-07,Male,562510,InternetContract;142
395,495,2009-11-27,2019-09-25,13,Vegan Spy,2016-10-25,Male,25272848,MobileContract;234;265;505
396,496,2010-01-28,2015-02-06,57,American Man,1988-04-19,Male,26007088,InternetContract;865
397,497,2008-02-13,2016-09-19,8,Masked Coder,1983-06-10,Male,22836119,DigitalTelevisionContract;first
398,498,2004-01-16,2013-09-16,57,American Man,1988-04-19,Male,26007088,MobileContract;906;519;137
399,499,2006-10-17,2013-07-15,40,Rich Programmer,1997-12-24,Female,84492656,DigitalTelevisionContract;second
400,500,2007-03-28,2019-10-27,66,Fast Vegan,1983-04-06,Male,58573215,DigitalTelevisionContract;third
401,501,2001-09-13,2020-02-23,92,Cool Man,1990-01-20,Female,43846742,MobileContract;986;441;677
402,502,2006-12-13,2020-03-07,67,Rich Killer,1989-01-16,Female,25860769,MobileContract;539;965;584
403,503,2001-02-03,2016-09-08,32,Cool Quickscoper,2020-01-26,Female,75549557,MobileContract;766;545;244
404,504,2001-09-25,2019-11-06,92,Cool Man,1990-01-20,Female,43846742,DigitalTelevisionContract;second
405,505,2005-05-20,2013-01-22,94,Retarded Carrot,2007-09-02,Female,59933815,InternetContract;191
406,506,2002-04-15,2020-03-03,54,American Learner,1979-12-16,Female,18480699,DigitalTelevisionContract;fifth
407,507,2008-07-12,2012-11-30,52,Great Spy,1983-06-05,Male,72894698,MobileContract;597;1000;827
408,508,2003-12-19,2018-01-02,77,Fast Killer,2003-11-14,Male,93197140,DigitalTelevisionContract;third
409,509,2008-06-20,2016-06-18,35,Rich Carrot,1986-12-17,Male,29675258,InternetContract;80
410,510,2003-05-17,2014-11-22,63,Yummy Vegan,2018-05-13,Female,72938591,DigitalTelevisionContract;fifth
411,511,2002-09-19,2012-08-22,99,Gummy Quickscoper,1982-03-13,Male,36163050,MobileContract;728;505;893
412,512,2006-06-25,2015-09-22,6,Brave Killer,1984-10-27,Male,46731805,InternetContract;818
413,513,2007-12-20,2012-11-21,10,Mlg Stalker,1984-01-08,Female,70443530,DigitalTelevisionContract;sixth
414,514,2005-11-28,2017-05-20,65,Masked Quickscoper,1994-03-12,Male,77185032,DigitalTelevisionContract;fourth
415,515,1999-05-24,2012-02-15,89,Shy Programmer,2009-07-03,Female,24246600,DigitalTelevisionContract;third
416,516,2000-04-26,2012-08-05,11,Great Man,1993-01-12,Male,37243327,DigitalTelevisionContract;third
417,517,2005-11-03,2011-12-19,73,lil Man,2020-02-17,Female,31645492,InternetContract;670
418,518,1998-08-11,2014-02-09,60,Retarded Quickscoper,1997-02-23,Male,2699191,MobileContract;775;356;598
419,519,2006-05-16,2020-03-03,26,Super Horse,1981-10-05,Male,12495472,InternetContract;200
420,520,2006-08-11,2018-01-14,15,American Goblin,1988-01-09,Male,49664705,DigitalTelevisionContract;third
421,521,2001-06-10,2019-05-15,47,Cool Horse,2001-08-10,Male,13055736,DigitalTelevisionContract;second
422,522,2003-09-23,2016-06-02,51,Brave Goat,1984-04-10,Male,55231244,InternetContract;619
423,523,2009-12-06,2012-10-28,12,lil Goblin,2018-02-23,Female,94665597,InternetContract;318
424,524,2009-11-09,2017-05-24,71,Gummy Spy,1999-09-07,Male,562510,MobileContract;435;722;399
425,525,2008-10-21,2013-03-13,55,MLG Stalker,1990-09-15,Male,88460547,DigitalTelevisionContract;fifth
426,526,2003-02-02,2016-04-04,82,Lil Goblin,1988-01-21,Male,41383926,InternetContract;8
427,527,1999-09-01,2019-01-31,51,Brave Goat,1984-04-10,Male,55231244,InternetContract;384
428,528,2007-05-27,2012-01-06,0,Bisexual Quickscoper,2009-12-20,Male,94616285,MobileContract;974;827;753
429,529,2000-01-15,2015-11-02,54,American Learner,1979-12-16,Female,18480699,MobileContract;899;355;164
430,530,2004-02-22,2017-10-02,96,MLG Goat,2008-05-25,Male,14921073,DigitalTelevisionContract;third
431,531,2010-04-29,2018-10-25,19,lil Coder,2007-07-05,Male,10136978,InternetContract;183
432,532,2000-09-14,2014-02-11,35,Rich Carrot,1986-12-17,Male,29675258,InternetContract;558
433,533,1998-08-15,2012-06-13,64,Super Stalker,2018-06-02,Female,17703268,InternetContract;966
434,534,2008-04-22,2014-10-02,38,lil Spy,2002-06-07,Female,54569486,InternetContract;224
435,535,2003-09-11,2012-02-28,41,Shy Goat,1983-12-09,Female,31003681,DigitalTelevisionContract;third
436,536,1998-12-17,2016-01-07,40,Rich Programmer,1997-12-24,Female,84492656,MobileContract;760;152;494
437,537,2009-12-07,2018-07-13,34,American Goat,2019-10-16,Male,83186942,InternetContract;817
438,538,1998-12-02,2012-04-10,91,Great Spooderman,1998-04-26,Female,21543088,DigitalTelevisionContract;sixth
439,539,2002-04-07,2011-11-05,28,Rich Quickscoper,1981-03-12,Male,38113751,InternetContract;687
440,540,2003-06-14,2011-09-03,43,Sexy Spooderman,2001-07-07,Male,37533327,InternetContract;824
441,541,2009-06-24,2017-05-31,23,American Horse,1979-07-13,Female,54510239,MobileContract;792;503;873
442,542,1999-08-14,2013-01-02,15,American Goblin,1988-01-09,Male,49664705,InternetContract;366
443,543,2001-09-21,2014-01-10,76,Bisexual Spooderman,2012-06-06,Female,10245070,DigitalTelevisionContract;second
444,544,2009-01-06,2018-10-25,37,Yummy Woman,1994-12-08,Male,22574739,MobileContract;220;172;359
445,545,1998-10-05,2019-07-26,41,Shy Goat,1983-12-09,Female,31003681,DigitalTelevisionContract;second
446,546,2001-05-21,2011-07-19,0,Bisexual Quickscoper,2009-12-20,Male,94616285,InternetContract;38
447,547,2003-01-09,2018-07-26,6,Brave Killer,1984-10-27,Male,46731805,MobileContract;723;427;546
448,548,2008-12-18,2015-02-09,55,MLG Stalker,1990-09-15,Male,88460547,DigitalTelevisionContract;second
449,549,2008-10-04,2014-06-28,19,lil Coder,2007-07-05,Male,10136978,MobileContract;906;881;585
450,550,2002-05-17,2017-11-26,75,Vegan Killer,2007-06-05,Female,46057169,MobileContract;796;279;372
451,551,2008-07-09,2012-07-14,68,Masked Killer,1984-10-31,Female,97827684,DigitalTelevisionContract;first
452,552,2000-04-24,2016-05-11,68,Masked Killer,1984-10-31,Female,97827684,InternetContract;68
453,553,2001-11-13,2017-03-24,74,Cool Quickscoper,1979-03-23,Female,69107812,DigitalTelevisionContract;third
454,554,2003-05-23,2015-05-26,85,Vegan Vegan,2020-07-13,Female,14429489,DigitalTelevisionContract;sixth
455,555,2004-04-15,2014-09-05,33,Bisexual Killer,1993-01-23,Female,36050016,MobileContract;365;551;496
456,556,1998-10-08,2012-11-29,36,Retarded Coder,1981-08-17,Female,10081455,InternetContract;587
457,557,2006-03-31,2017-08-18,46,Vegan Vegan,1998-06-07,Female,70782796,MobileContract;651;187;971
458,558,2004-09-09,2013-05-03,10,Mlg Stalker,1984-01-08,Female,70443530,DigitalTelevisionContract;sixth
459,559,2002-11-14,2019-05-13,19,lil Coder,2007-07-05,Male,10136978,DigitalTelevisionContract;second
460,560,1998-07-27,2020-04-04,67,Rich Killer,1989-01-16,Female,25860769,DigitalTelevisionContract;third
461,561,2004-03-26,2012-06-14,84,Lil Killer,2009-09-03,Male,25499239,DigitalTelevisionContract;second
462,562,2005-07-06,2016-09-30,87,Mlg Quickscoper,1982-06-09,Male,56143266,MobileContract;704;727;475
463,563,2003-01-02,2017-12-30,48,American Horse,2001-05-28,Female,71341428,MobileContract;543;131;258
464,564,2008-12-06,2017-05-11,62,Masked Man,1983-06-28,Female,68718479,MobileContract;231;594;113
465,565,2005-09-12,2016-06-23,9,Cool Goat,2014-06-30,Female,98820119,DigitalTelevisionContract;fourth
466,566,2004-04-06,2014-11-30,55,MLG Stalker,1990-09-15,Male,88460547,DigitalTelevisionContract;third
467,567,2008-09-16,2019-07-18,96,MLG Goat,2008-05-25,Male,14921073,DigitalTelevisionContract;third
468,568,2009-01-02,2017-06-11,36,Retarded Coder,1981-08-17,Female,10081455,DigitalTelevisionContract;sixth
469,569,1999-12-12,2012-07-02,2,Great Quickscoper,2011-06-30,Male,63598839,MobileContract;542;542;547
470,570,2003-11-24,2016-06-30,1,Yummy Hacker,2003-07-25,Male,9209285,DigitalTelevisionContract;third
471,571,2005-11-03,2014-05-21,16,lil Goat,1986-04-29,Male,55339046,DigitalTelevisionContract;sixth
472,572,2006-07-06,2014-08-06,15,American Goblin,1988-01-09,Male,49664705,InternetContract;716
473,573,2002-08-01,2014-04-05,64,Super Stalker,2018-06-02,Female,17703268,InternetContract;239
474,574,2005-03-09,2016-08-18,46,Vegan Vegan,1998-06-07,Female,70782796,InternetContract;610
475,575,2000-05-20,2016-05-12,75,Vegan Killer,2007-06-05,Female,46057169,InternetContract;491
476,576,2002-10-16,2017-08-23,79,lil Woman,1991-08-29,Female,64479408,MobileContract;263;752;802
477,577,2007-06-07,2012-05-29,99,Gummy Quickscoper,1982-03-13,Male,36163050,MobileContract;846;837;754
478,578,2009-08-29,2017-06-11,49,Unusual Spooderman,1989-03-13,Male,78289403,MobileContract;939;667;227
479,579,2003-01-15,2014-07-27,97,Rich Bear,2000-04-19,Female,70422584,DigitalTelevisionContract;sixth
480,580,1999-03-09,2015-06-29,14,Lil Horse,1980-12-12,Male,16889186,InternetContract;474
481,581,1999-05-26,2012-11-12,77,Fast Killer,2003-11-14,Male,93197140,DigitalTelevisionContract;second
482,582,2007-01-11,2014-11-01,25,Fast Hacker,2000-08-19,Male,33415261,InternetContract;941
483,583,2002-11-29,2014-01-15,52,Great Spy,1983-06-05,Male,72894698,DigitalTelevisionContract;second
484,584,2000-11-17,2020-03-05,89,Shy Programmer,2009-07-03,Female,24246600,DigitalTelevisionContract;second
485,585,2006-06-18,2012-09-23,29,MLG Carrot,1979-08-13,Male,89670216,MobileContract;426;387;899
486,586,2002-02-03,2011-09-10,14,Lil Horse,1980-12-12,Male,16889186,MobileContract;598;248;730
487,587,2007-12-24,2017-06-07,14,Lil Horse,1980-12-12,Male,16889186,MobileContract;241;686;355
488,588,2001-05-27,2015-03-17,22,Fast Quickscoper,2012-09-11,Female,61792735,MobileContract;261;782;873
489,589,2008-01-05,2011-12-17,33,Bisexual Killer,1993-01-23,Female,36050016,DigitalTelevisionContract;third
490,590,2003-06-24,2016-07-20,44,Great Man,2017-01-24,Female,90072529,DigitalTelevisionContract;sixth
491,591,2005-10-01,2011-09-30,53,Vegan Goblin,2016-12-06,Male,12498193,DigitalTelevisionContract;first
492,592,2000-04-12,2016-04-01,70,Vegan Vegan,1979-08-19,Male,29711255,DigitalTelevisionContract;sixth
493,593,2003-01-02,2014-02-13,57,American Man,1988-04-19,Male,26007088,MobileContract;823;920;102
494,594,2002-06-11,2019-06-11,56,Fast Goat,2019-12-22,Female,16594391,InternetContract;316
495,595,1998-07-10,2012-06-29,29,MLG Carrot,1979-08-13,Male,89670216,DigitalTelevisionContract;first
496,596,2006-12-14,2012-07-12,60,Retarded Quickscoper,1997-02-23,Male,2699191,MobileContract;143;862;188
497,597,1999-03-12,2017-04-12,50,Gummy Bear,2006-11-03,Female,53719207,InternetContract;303
498,598,2006-06-06,2011-06-11,53,Vegan Goblin,2016-12-06,Male,12498193,MobileContract;144;816;331
499,599,1999-08-22,2012-10-18,10,Mlg Stalker,1984-01-08,Female,70443530,InternetContract;341
500,600,1999-08-23,2012-07-14,64,Super Stalker,2018-06-02,Female,17703268,DigitalTelevisionContract;third
501,601,2001-07-04,2019-10-07,29,MLG Carrot,1979-08-13,Male,89670216,DigitalTelevisionContract;sixth
502,602,2000-10-28,2014-11-18,9,Cool Goat,2014-06-30,Female,98820119,InternetContract;920
503,603,2008-08-25,2018-04-10,66,Fast Vegan,1983-04-06,Male,58573215,DigitalTelevisionContract;third
504,604,2004-07-22,2012-01-16,45,American Man,1998-06-05,Female,3389856,InternetContract;293
505,605,2005-08-03,2018-03-09,43,Sexy Spooderman,2001-07-07,Male,37533327,InternetContract;839
506,606,1999-04-14,2020-03-18,22,Fast Quickscoper,2012-09-11,Female,61792735,DigitalTelevisionContract;third
507,607,2002-08-08,2012-01-07,92,Cool Man,1990-01-20,Female,43846742,MobileContract;671;643;919
508,608,2003-02-11,2018-05-27,85,Vegan Vegan,2020-07-13,Female,14429489,MobileContract;189;293;986
509,609,2003-05-15,2014-02-22,39,Fast Killer,2011-09-15,Female,53893420,MobileContract;712;897;979
510,610,1999-05-22,2019-03-19,58,Mlg Man,1988-09-12,Female,51173118,DigitalTelevisionContract;fourth
511,611,2008-03-15,2017-01-23,33,Bisexual Killer,1993-01-23,Female,36050016,DigitalTelevisionContract;second
512,612,2005-03-06,2012-11-09,36,Retarded Coder,1981-08-17,Female,10081455,DigitalTelevisionContract;sixth
513,613,2007-11-15,2012-11-21,61,American Horse,2000-11-01,Male,20354592,DigitalTelevisionContract;first
514,614,2009-02-22,2015-09-16,34,American Goat,2019-10-16,Male,83186942,MobileContract;554;434;406
515,615,2002-12-13,2011-05-25,95,Great Quickscoper,2009-02-02,Male,37247843,DigitalTelevisionContract;second
516,616,2003-07-11,2019-10-29,87,Mlg Quickscoper,1982-06-09,Male,56143266,InternetContract;580
517,617,2005-12-27,2016-11-20,50,Gummy Bear,2006-11-03,Female,53719207,MobileContract;998;412;949
518,618,1999-12-28,2018-08-30,4,Vegan Programmer,2005-09-04,Male,46447819,MobileContract;535;646;692
519,619,2002-03-25,2018-03-22,95,Great Quickscoper,2009-02-02,Male,37247843,InternetContract;272
520,620,2010-01-14,2014-11-08,45,American Man,1998-06-05,Female,3389856,DigitalTelevisionContract;fourth
521,621,2006-10-04,2019-05-18,88,Vegan Coder,1981-03-09,Female,97801606,DigitalTelevisionContract;third
522,622,2000-03-26,2014-04-27,72,Gummy Bear,1991-04-06,Female,88741535,InternetContract;334
523,623,2001-10-05,2017-09-08,8,Masked Coder,1983-06-10,Male,22836119,InternetContract;979
524,624,1998-06-24,2016-05-20,82,Lil Goblin,1988-01-21,Male,41383926,MobileContract;563;647;587
525,625,2007-03-16,2018-01-31,82,Lil Goblin,1988-01-21,Male,41383926,MobileContract;924;672;522
526,626,2000-10-19,2020-01-25,45,American Man,1998-06-05,Female,3389856,DigitalTelevisionContract;sixth
527,627,2003-01-21,2015-06-22,17,Fast Goat,1988-04-22,Male,13048738,MobileContract;709;468;972
528,628,2003-02-08,2013-07-20,62,Masked Man,1983-06-28,Female,68718479,InternetContract;620
529,629,2000-03-06,2013-07-21,69,Great Learner,1997-05-25,Female,31236158,InternetContract;499
530,630,2004-05-06,2013-08-16,86,Gummy Killer,2013-01-01,Male,52944307,InternetContract;4
531,631,2008-04-11,2018-04-27,9,Cool Goat,2014-06-30,Female,98820119,DigitalTelevisionContract;second
532,632,2007-03-04,2013-09-05,14,Lil Horse,1980-12-12,Male,16889186,DigitalTelevisionContract;first
533,633,2003-04-06,2012-11-24,5,Bisexual Killer,2019-05-24,Female,3486331,MobileContract;738;634;862
534,634,2003-06-26,2020-01-01,25,Fast Hacker,2000-08-19,Male,33415261,DigitalTelevisionContract;second
535,635,1998-09-25,2013-10-17,48,American Horse,2001-05-28,Female,71341428,InternetContract;986
536,636,2009-06-11,2013-09-28,71,Gummy Spy,1999-09-07,Male,562510,DigitalTelevisionContract;first
537,637,2001-12-17,2014-01-01,87,Mlg Quickscoper,1982-06-09,Male,56143266,InternetContract;494
538,638,2009-08-16,2019-11-25,35,Rich Carrot,1986-12-17,Male,29675258,MobileContract;331;810;914
539,639,1999-11-07,2012-08-23,27,Brave Coder,1984-10-31,Male,36366842,InternetContract;631
540,640,2006-01-21,2017-11-01,52,Great Spy,1983-06-05,Male,72894698,DigitalTelevisionContract;fourth
541,641,1998-09-12,2014-03-19,89,Shy Programmer,2009-07-03,Female,24246600,DigitalTelevisionContract;third
542,642,2004-03-14,2018-03-06,86,Gummy Killer,2013-01-01,Male,52944307,MobileContract;574;284;798
543,643,2004-04-01,2012-11-18,15,American Goblin,1988-01-09,Male,49664705,DigitalTelevisionContract;second
544,644,2007-08-09,2016-02-12,22,Fast Quickscoper,2012-09-11,Female,61792735,DigitalTelevisionContract;fifth
545,645,2004-08-05,2013-06-10,53,Vegan Goblin,2016-12-06,Male,12498193,MobileContract;167;542;265
546,646,2008-02-07,2016-11-18,77,Fast Killer,2003-11-14,Male,93197140,DigitalTelevisionContract;second
547,647,2006-10-14,2019-04-22,41,Shy Goat,1983-12-09,Female,31003681,InternetContract;661
548,648,2004-12-31,2019-08-29,85,Vegan Vegan,2020-07-13,Female,14429489,MobileContract;894;760;713
549,649,2007-11-28,2014-02-20,16,lil Goat,1986-04-29,Male,55339046,DigitalTelevisionContract;third
550,650,2001-09-10,2018-03-30,97,Rich Bear,2000-04-19,Female,70422584,InternetContract;719
551,651,2002-07-17,2019-04-20,37,Yummy Woman,1994-12-08,Male,22574739,DigitalTelevisionContract;fourth
552,652,1998-08-03,2017-10-11,54,American Learner,1979-12-16,Female,18480699,InternetContract;478
553,653,2009-08-06,2019-12-09,69,Great Learner,1997-05-25,Female,31236158,MobileContract;106;712;510
554,654,2001-10-29,2014-11-06,67,Rich Killer,1989-01-16,Female,25860769,DigitalTelevisionContract;first
555,655,2003-04-25,2015-03-09,4,Vegan Programmer,2005-09-04,Male,46447819,DigitalTelevisionContract;third
556,656,2001-12-11,2012-01-26,42,Lil Stalker,1991-03-23,Female,17539779,InternetContract;400
557,657,2006-01-03,2018-01-26,7,Masked Goat,2010-08-08,Female,53974706,InternetContract;199
558,658,2009-05-17,2019-04-23,12,lil Goblin,2018-02-23,Female,94665597,InternetContract;595
559,659,2002-02-12,2011-09-23,98,Retarded Spooderman,2018-10-26,Male,80722447,MobileContract;658;219;891
560,660,2005-01-25,2019-05-28,32,Cool Quickscoper,2020-01-26,Female,75549557,DigitalTelevisionContract;second
561,661,2008-12-22,2012-05-13,64,Super Stalker,2018-06-02,Female,17703268,InternetContract;63
562,662,2003-07-14,2017-12-01,81,Lil Killer,1993-06-04,Female,6587887,MobileContract;534;635;530
563,663,1999-09-30,2013-09-29,98,Retarded Spooderman,2018-10-26,Male,80722447,InternetContract;514
564,664,2007-01-03,2015-05-11,4,Vegan Programmer,2005-09-04,Male,46447819,InternetContract;992
565,665,2004-05-26,2013-01-21,9,Cool Goat,2014-06-30,Female,98820119,MobileContract;195;576;873
566,666,2010-04-27,2013-03-19,72,Gummy Bear,1991-04-06,Female,88741535,DigitalTelevisionContract;first
567,667,2004-09-26,2016-12-12,3,Rich Killer,1997-06-14,Female,82328119,DigitalTelevisionContract;first
568,668,2004-05-08,2016-07-09,73,lil Man,2020-02-17,Female,31645492,MobileContract;413;955;340
569,669,2008-03-24,2011-09-21,61,American Horse,2000-11-01,Male,20354592,DigitalTelevisionContract;fifth
570,670,2002-01-01,2011-12-04,38,lil Spy,2002-06-07,Female,54569486,MobileContract;981;308;924
571,671,2008-05-23,2018-10-06,20,Fast Woman,1979-12-22,Female,63104663,MobileContract;111;244;516
572,672,2002-05-18,2012-09-18,35,Rich Carrot,1986-12-17,Male,29675258,InternetContract;165
573,673,2008-08-14,2011-08-31,62,Masked Man,1983-06-28,Female,68718479,MobileContract;411;402;602
574,674,2006-08-13,2013-04-16,5,Bisexual Killer,2019-05-24,Female,3486331,DigitalTelevisionContract;third
575,675,2008-04-14,2019-07-02,50,Gummy Bear,2006-11-03,Female,53719207,MobileContract;314;696;223
576,676,1998-07-13,2012-06-06,77,Fast Killer,2003-11-14,Male,93197140,DigitalTelevisionContract;first
577,677,2005-03-30,2016-02-10,43,Sexy Spooderman,2001-07-07,Male,37533327,InternetContract;566
578,678,2009-01-13,2016-04-08,39,Fast Killer,2011-09-15,Female,53893420,MobileContract;540;841;307
579,679,1999-12-26,2015-12-13,55,MLG Stalker,1990-09-15,Male,88460547,MobileContract;156;802;371
580,680,2007-04-05,2015-01-13,74,Cool Quickscoper,1979-03-23,Female,69107812,DigitalTelevisionContract;third
581,681,2001-12-02,2017-06-26,2,Great Quickscoper,2011-06-30,Male,63598839,DigitalTelevisionContract;sixth
582,682,2007-04-14,2014-11-22,37,Yummy Woman,1994-12-08,Male,22574739,MobileContract;779;884;129
583,683,2005-12-13,2017-01-06,82,Lil Goblin,1988-01-21,Male,41383926,InternetContract;657
584,684,2003-01-14,2016-09-03,35,Rich Carrot,1986-12-17,Male,29675258,MobileContract;843;326;593
585,685,2007-08-06,2014-12-02,45,American Man,1998-06-05,Female,3389856,InternetContract;281
586,686,2007-04-25,2019-09-11,92,Cool Man,1990-01-20,Female,43846742,DigitalTelevisionContract;fourth
587,687,1999-06-04,2011-07-12,45,American Man,1998-06-05,Female,3389856,DigitalTelevisionContract;fifth
588,688,2002-04-10,2015-09-05,54,American Learner,1979-12-16,Female,18480699,MobileContract;739;116;196
589,689,2004-03-20,2014-10-29,65,Masked Quickscoper,1994-03-12,Male,77185032,MobileContract;637;184;900
590,690,2008-11-08,2017-11-14,11,Great Man,1993-01-12,Male,37243327,DigitalTelevisionContract;fourth
591,691,2003-07-12,2017-11-04,48,American Horse,2001-05-28,Female,71341428,DigitalTelevisionContract;fifth
592,692,2008-02-19,2016-11-30,96,MLG Goat,2008-05-25,Male,14921073,DigitalTelevisionContract;second
593,693,1998-06-04,2018-11-02,42,Lil Stalker,1991-03-23,Female,17539779,DigitalTelevisionContract;fifth
594,694,2001-05-26,2016-07-12,71,Gummy Spy,1999-09-07,Male,562510,InternetContract;641
595,695,2004-12-01,2020-03-19,78,Brave Goat,2011-05-24,Female,56330625,MobileContract;194;696;630
596,696,1998-06-14,2017-02-16,3,Rich Killer,1997-06-14,Female,82328119,MobileContract;277;516;732
597,697,2003-10-25,2016-10-07,64,Super Stalker,2018-06-02,Female,17703268,MobileContract;795;668;240
598,698,2002-11-29,2016-07-17,33,Bisexual Killer,1993-01-23,Female,36050016,InternetContract;776
599,699,2008-11-17,2018-01-14,29,MLG Carrot,1979-08-13,Male,89670216,MobileContract;502;640;952
600,700,2010-02-18,2019-05-09,98,Retarded Spooderman,2018-10-26,Male,80722447,DigitalTelevisionContract;sixth
601,701,2001-09-09,2014-04-16,35,Rich Carrot,1986-12-17,Male,29675258,MobileContract;450;420;353
602,702,2002-07-14,2015-11-29,69,Great Learner,1997-05-25,Female,31236158,MobileContract;588;674;898
603,703,1999-05-15,2014-05-18,96,MLG Goat,2008-05-25,Male,14921073,InternetContract;669
604,704,2001-06-06,2018-05-24,82,Lil Goblin,1988-01-21,Male,41383926,InternetContract;229
605,705,1999-07-05,2019-07-24,3,Rich Killer,1997-06-14,Female,82328119,DigitalTelevisionContract;second
606,706,2005-05-12,2019-10-31,28,Rich Quickscoper,1981-03-12,Male,38113751,InternetContract;55
607,707,2002-12-05,2019-11-30,79,lil Woman,1991-08-29,Female,64479408,InternetContract;886
608,708,1998-11-11,2018-09-04,26,Super Horse,1981-10-05,Male,12495472,InternetContract;344
609,709,2009-04-03,2016-08-05,6,Brave Killer,1984-10-27,Male,46731805,DigitalTelevisionContract;fifth
610,710,2002-02-11,2018-06-26,43,Sexy Spooderman,2001-07-07,Male,37533327,MobileContract;740;297;928
611,711,2004-01-06,2019-09-17,9,Cool Goat,2014-06-30,Female,98820119,MobileContract;724;323;530
612,712,1999-05-22,2019-07-01,54,American Learner,1979-12-16,Female,18480699,MobileContract;856;130;466
613,713,2002-05-05,2017-03-06,0,Bisexual Quickscoper,2009-12-20,Male,94616285,DigitalTelevisionContract;fourth
614,714,2008-01-16,2011-12-14,95,Great Quickscoper,2009-02-02,Male,37247843,InternetContract;612
615,715,1999-12-11,2013-11-07,13,Vegan Spy,2016-10-25,Male,25272848,MobileContract;216;320;764
616,716,1999-05-23,2015-03-06,77,Fast Killer,2003-11-14,Male,93197140,InternetContract;125
617,717,2006-09-18,2016-12-05,11,Great Man,1993-01-12,Male,37243327,DigitalTelevisionContract;fourth
618,718,2000-09-27,2014-07-14,29,MLG Carrot,1979-08-13,Male,89670216,MobileContract;320;592;590
619,719,2005-12-20,2012-07-18,46,Vegan Vegan,1998-06-07,Female,70782796,InternetContract;945
620,720,1998-07-08,2017-07-27,54,American Learner,1979-12-16,Female,18480699,MobileContract;969;267;684
621,721,2004-08-07,2018-12-12,80,Vegan Stalker,2009-08-28,Female,92242392,DigitalTelevisionContract;first
622,722,2006-06-04,2017-04-18,65,Masked Quickscoper,1994-03-12,Male,77185032,MobileContract;510;189;359
623,723,2002-05-27,2015-06-23,22,Fast Quickscoper,2012-09-11,Female,61792735,DigitalTelevisionContract;second
624,724,2007-09-06,2016-05-07,85,Vegan Vegan,2020-07-13,Female,14429489,MobileContract;881;192;410
625,725,2007-02-05,2012-07-18,7,Masked Goat,2010-08-08,Female,53974706,InternetContract;157
626,726,2004-11-26,2018-12-11,69,Great Learner,1997-05-25,Female,31236158,DigitalTelevisionContract;third
627,727,2004-08-22,2018-06-13,96,MLG Goat,2008-05-25,Male,14921073,MobileContract;976;611;779
628,728,1999-09-02,2015-04-05,40,Rich Programmer,1997-12-24,Female,84492656,InternetContract;465
629,729,1999-12-06,2016-01-26,3,Rich Killer,1997-06-14,Female,82328119,DigitalTelevisionContract;first
630,730,2000-05-15,2018-02-01,69,Great Learner,1997-05-25,Female,31236158,MobileContract;472;959;415
631,731,2002-05-22,2019-10-09,26,Super Horse,1981-10-05,Male,12495472,DigitalTelevisionContract;sixth
632,732,2006-12-29,2016-10-28,31,Unusual Woman,1992-05-03,Female,76231973,InternetContract;818
633,733,2003-11-04,2019-09-06,83,Gummy Bear,2016-03-25,Female,15879819,InternetContract;336
634,734,2004-03-06,2011-08-12,96,MLG Goat,2008-05-25,Male,14921073,InternetContract;383
635,735,2001-09-18,2012-08-08,18,Rich Killer,2013-10-18,Female,50175827,DigitalTelevisionContract;third
636,736,1998-08-19,2019-09-29,60,Retarded Quickscoper,1997-02-23,Male,2699191,MobileContract;108;604;407
637,737,2003-08-26,2018-08-04,82,Lil Goblin,1988-01-21,Male,41383926,DigitalTelevisionContract;sixth
638,738,2003-02-23,2020-01-31,82,Lil Goblin,1988-01-21,Male,41383926,InternetContract;186
639,739,2003-03-01,2013-05-20,57,American Man,1988-04-19,Male,26007088,InternetContract;767
640,740,2007-11-02,2018-02-03,77,Fast Killer,2003-11-14,Male,93197140,DigitalTelevisionContract;fourth
641,741,2007-11-11,2016-07-19,6,Brave Killer,1984-10-27,Male,46731805,DigitalTelevisionContract;second
642,742,2003-08-21,2018-01-01,59,Gummy Learner,2020-04-15,Male,64399353,MobileContract;457;147;451
643,743,2000-02-18,2012-11-23,3,Rich Killer,1997-06-14,Female,82328119,DigitalTelevisionContract;sixth
644,744,2010-01-26,2015-06-25,2,Great Quickscoper,2011-06-30,Male,63598839,DigitalTelevisionContract;fifth
645,745,2000-01-05,2017-05-06,6,Brave Killer,1984-10-27,Male,46731805,MobileContract;292;102;614
646,746,2006-04-14,2019-08-17,26,Super Horse,1981-10-05,Male,12495472,DigitalTelevisionContract;first
647,747,1999-11-10,2020-02-07,94,Retarded Carrot,2007-09-02,Female,59933815,DigitalTelevisionContract;fourth
648,748,2010-01-18,2017-06-21,95,Great Quickscoper,2009-02-02,Male,37247843,MobileContract;257;696;612
649,749,2001-02-02,2019-07-12,87,Mlg Quickscoper,1982-06-09,Male,56143266,MobileContract;627;199;232
650,750,2004-09-17,2016-10-04,28,Rich Quickscoper,1981-03-12,Male,38113751,DigitalTelevisionContract;first
651,751,2000-04-02,2019-05-10,83,Gummy Bear,2016-03-25,Female,15879819,DigitalTelevisionContract;first
652,752,2002-08-05,2013-07-05,11,Great Man,1993-01-12,Male,37243327,InternetContract;966
653,753,2006-03-25,2016-01-28,60,Retarded Quickscoper,1997-02-23,Male,2699191,DigitalTelevisionContract;first
654,754,2008-11-28,2020-02-14,91,Great Spooderman,1998-04-26,Female,21543088,InternetContract;834
655,755,2008-01-30,2018-01-31,39,Fast Killer,2011-09-15,Female,53893420,MobileContract;564;595;294
656,756,2003-01-14,2017-06-13,70,Vegan Vegan,1979-08-19,Male,29711255,MobileContract;635;474;469
657,757,2005-06-15,2016-06-08,27,Brave Coder,1984-10-31,Male,36366842,InternetContract;638
658,758,2009-05-20,2012-11-14,59,Gummy Learner,2020-04-15,Male,64399353,DigitalTelevisionContract;second
659,759,2005-08-10,2017-02-04,26,Super Horse,1981-10-05,Male,12495472,DigitalTelevisionContract;third
660,760,2001-07-22,2012-04-10,22,Fast Quickscoper,2012-09-11,Female,61792735,InternetContract;449
661,761,2000-09-12,2015-08-29,7,Masked Goat,2010-08-08,Female,53974706,InternetContract;945
662,762,2007-12-22,2014-09-15,66,Fast Vegan,1983-04-06,Male,58573215,InternetContract;619
663,763,2002-05-17,2018-01-30,70,Vegan Vegan,1979-08-19,Male,29711255,DigitalTelevisionContract;sixth
664,764,2007-10-18,2016-10-04,53,Vegan Goblin,2016-12-06,Male,12498193,InternetContract;886
665,765,2005-09-12,2012-02-28,93,Mlg Woman,2009-09-19,Female,35113267,DigitalTelevisionContract;third
666,766,2003-11-16,2018-12-15,94,Retarded Carrot,2007-09-02,Female,59933815,MobileContract;670;666;136
667,767,2008-01-09,2018-12-18,46,Vegan Vegan,1998-06-07,Female,70782796,DigitalTelevisionContract;fifth
668,768,2006-03-24,2017-05-17,9,Cool Goat,2014-06-30,Female,98820119,DigitalTelevisionContract;fourth
669,769,2000-09-03,2014-01-31,20,Fast Woman,1979-12-22,Female,63104663,InternetContract;633
670,770,2009-07-16,2019-05-10,53,Vegan Goblin,2016-12-06,Male,12498193,MobileContract;812;442;588
671,771,2006-01-04,2017-08-07,75,Vegan Killer,2007-06-05,Female,46057169,MobileContract;365;610;341
672,772,2003-08-18,2012-10-10,80,Vegan Stalker,2009-08-28,Female,92242392,DigitalTelevisionContract;fifth
673,773,2004-10-16,2018-10-19,78,Brave Goat,2011-05-24,Female,56330625,InternetContract;293
674,774,2004-05-06,2017-03-16,26,Super Horse,1981-10-05,Male,12495472,InternetContract;990
675,775,2008-07-21,2015-12-22,63,Yummy Vegan,2018-05-13,Female,72938591,DigitalTelevisionContract;third
676,776,1998-12-15,2016-12-04,42,Lil Stalker,1991-03-23,Female,17539779,MobileContract;887;586;958
677,777,2007-04-19,2018-06-13,99,Gummy Quickscoper,1982-03-13,Male,36163050,MobileContract;440;763;200
678,778,2009-07-27,2013-10-08,43,Sexy Spooderman,2001-07-07,Male,37533327,MobileContract;832;108;932
679,779,2002-05-20,2016-09-21,27,Brave Coder,1984-10-31,Male,36366842,MobileContract;345;910;424
680,780,2004-08-20,2011-08-20,39,Fast Killer,2011-09-15,Female,53893420,DigitalTelevisionContract;second
681,781,2005-07-21,2015-02-12,49,Unusual Spooderman,1989-03-13,Male,78289403,MobileContract;877;192;425
682,782,2006-05-11,2013-10-15,52,Great Spy,1983-06-05,Male,72894698,InternetContract;669
683,783,2008-11-09,2013-12-14,75,Vegan Killer,2007-06-05,Female,46057169,InternetContract;306
684,784,2007-08-30,2015-12-27,16,lil Goat,1986-04-29,Male,55339046,MobileContract;792;795;322
685,785,2003-07-29,2016-03-20,56,Fast Goat,2019-12-22,Female,16594391,DigitalTelevisionContract;second
686,786,2007-06-11,2017-04-14,33,Bisexual Killer,1993-01-23,Female,36050016,MobileContract;679;434;694
687,787,2002-06-13,2015-03-25,39,Fast Killer,2011-09-15,Female,53893420,InternetContract;456
688,788,2007-10-02,2020-05-05,65,Masked Quickscoper,1994-03-12,Male,77185032,InternetContract;686
689,789,2005-07-03,2011-10-15,3,Rich Killer,1997-06-14,Female,82328119,DigitalTelevisionContract;fourth
690,790,2000-01-09,2012-06-13,73,lil Man,2020-02-17,Female,31645492,MobileContract;403;382;902
691,791,2006-12-23,2014-11-26,72,Gummy Bear,1991-04-06,Female,88741535,MobileContract;140;557;707
692,792,1999-07-01,2019-04-30,99,Gummy Quickscoper,1982-03-13,Male,36163050,DigitalTelevisionContract;fifth
693,793,2003-10-07,2019-06-28,58,Mlg Man,1988-09-12,Female,51173118,MobileContract;952;791;632
694,794,2001-08-02,2018-02-18,73,lil Man,2020-02-17,Female,31645492,DigitalTelevisionContract;first
695,795,2006-08-01,2011-07-22,34,American Goat,2019-10-16,Male,83186942,DigitalTelevisionContract;fifth
696,796,2008-04-03,2013-08-22,61,American Horse,2000-11-01,Male,20354592,DigitalTelevisionContract;first
697,797,1998-09-18,2016-12-27,1,Yummy Hacker,2003-07-25,Male,9209285,MobileContract;203;669;632
698,798,2008-12-30,2017-07-09,81,Lil Killer,1993-06-04,Female,6587887,DigitalTelevisionContract;second
699,799,2006-08-21,2013-07-26,39,Fast Killer,2011-09-15,Female,53893420,MobileContract;964;149;344
700,800,2009-12-15,2013-12-23,63,Yummy Vegan,2018-05-13,Female,72938591,InternetContract;787
701,801,2000-07-01,2017-08-18,55,MLG Stalker,1990-09-15,Male,88460547,DigitalTelevisionContract;sixth
702,802,2005-09-19,2018-11-11,93,Mlg Woman,2009-09-19,Female,35113267,MobileContract;612;597;147
703,803,2009-05-29,2019-03-29,10,Mlg Stalker,1984-01-08,Female,70443530,InternetContract;879
704,804,2002-10-12,2018-11-30,2,Great Quickscoper,2011-06-30,Male,63598839,MobileContract;487;449;195
705,805,2007-04-20,2017-03-10,0,Bisexual Quickscoper,2009-12-20,Male,94616285,MobileContract;437;645;645
706,806,2005-12-03,2015-07-05,9,Cool Goat,2014-06-30,Female,98820119,InternetContract;197
707,807,2008-12-11,2012-08-13,17,Fast Goat,1988-04-22,Male,13048738,MobileContract;471;969;693
708,808,2000-01-19,2014-10-29,85,Vegan Vegan,2020-07-13,Female,14429489,DigitalTelevisionContract;first
709,809,2003-09-14,2018-03-07,90,Super Coder,1992-06-16,Male,58017755,MobileContract;950;603;672
710,810,1999-06-01,2018-04-20,73,lil Man,2020-02-17,Female,31645492,InternetContract;57
711,811,2004-07-18,2017-07-17,83,Gummy Bear,2016-03-25,Female,15879819,InternetContract;471
712,812,2008-03-16,2015-06-21,27,Brave Coder,1984-10-31,Male,36366842,DigitalTelevisionContract;first
713,813,1999-02-19,2016-03-16,98,Retarded Spooderman,2018-10-26,Male,80722447,DigitalTelevisionContract;fourth
714,814,2004-03-15,2018-05-26,44,Great Man,2017-01-24,Female,90072529,MobileContract;333;746;790
715,815,2009-11-17,2012-05-29,16,lil Goat,1986-04-29,Male,55339046,InternetContract;723
716,816,2005-04-11,2015-03-25,63,Yummy Vegan,2018-05-13,Female,72938591,MobileContract;519;669;205
717,817,2000-05-12,2012-08-13,11,Great Man,1993-01-12,Male,37243327,MobileContract;967;176;224
718,818,2001-03-28,2014-08-26,32,Cool Quickscoper,2020-01-26,Female,75549557,DigitalTelevisionContract;second
719,819,2003-05-04,2018-06-07,29,MLG Carrot,1979-08-13,Male,89670216,DigitalTelevisionContract;fifth
720,820,2000-05-09,2015-01-14,95,Great Quickscoper,2009-02-02,Male,37247843,MobileContract;226;105;900
721,821,2009-04-01,2018-07-30,24,American Man,2007-12-18,Male,55555777,InternetContract;378
722,822,2002-10-11,2016-08-26,58,Mlg Man,1988-09-12,Female,51173118,DigitalTelevisionContract;third
723,823,2008-03-20,2019-06-15,86,Gummy Killer,2013-01-01,Male,52944307,MobileContract;349;121;137
724,824,2006-10-11,2019-02-07,65,Masked Quickscoper,1994-03-12,Male,77185032,MobileContract;453;142;618
725,825,2000-08-23,2012-04-15,9,Cool Goat,2014-06-30,Female,98820119,MobileContract;853;539;239
726,826,2008-10-09,2015-01-04,6,Brave Killer,1984-10-27,Male,46731805,InternetContract;216
727,827,2003-01-02,2017-06-28,58,Mlg Man,1988-09-12,Female,51173118,MobileContract;181;919;422
728,828,2001-05-13,2018-04-18,61,American Horse,2000-11-01,Male,20354592,InternetContract;906
729,829,2006-04-06,2011-11-25,61,American Horse,2000-11-01,Male,20354592,InternetContract;546
730,830,2004-05-12,2013-02-01,76,Bisexual Spooderman,2012-06-06,Female,10245070,InternetContract;407
731,831,2008-07-24,2014-01-31,0,Bisexual Quickscoper,2009-12-20,Male,94616285,MobileContract;839;131;977
732,832,2004-05-19,2016-01-23,94,Retarded Carrot,2007-09-02,Female,59933815,InternetContract;658
733,833,2006-03-16,2015-06-02,77,Fast Killer,2003-11-14,Male,93197140,InternetContract;45
734,834,2006-08-19,2018-05-22,46,Vegan Vegan,1998-06-07,Female,70782796,MobileContract;980;147;615
735,835,2008-07-29,2014-07-02,25,Fast Hacker,2000-08-19,Male,33415261,MobileContract;846;554;999
736,836,2004-10-08,2012-08-23,42,Lil Stalker,1991-03-23,Female,17539779,MobileContract;158;145;665
737,837,2008-10-03,2019-07-05,31,Unusual Woman,1992-05-03,Female,76231973,MobileContract;239;302;983
738,838,2001-04-30,2011-06-29,45,American Man,1998-06-05,Female,3389856,InternetContract;921
739,839,2000-12-14,2017-06-18,84,Lil Killer,2009-09-03,Male,25499239,MobileContract;514;443;491
740,840,2006-06-02,2018-04-26,22,Fast Quickscoper,2012-09-11,Female,61792735,DigitalTelevisionContract;fifth
741,841,2009-11-13,2018-01-27,8,Masked Coder,1983-06-10,Male,22836119,DigitalTelevisionContract;third
742,842,2000-03-21,2013-08-15,51,Brave Goat,1984-04-10,Male,55231244,MobileContract;603;370;923
743,843,2001-11-07,2020-01-04,98,Retarded Spooderman,2018-10-26,Male,80722447,DigitalTelevisionContract;fifth
744,844,2008-07-27,2019-10-15,63,Yummy Vegan,2018-05-13,Female,72938591,InternetContract;824
745,845,2006-02-20,2020-04-02,9,Cool Goat,2014-06-30,Female,98820119,MobileContract;449;339;795
746,846,2010-01-11,2017-02-27,90,Super Coder,1992-06-16,Male,58017755,InternetContract;924
747,847,2010-02-20,2017-11-10,5,Bisexual Killer,2019-05-24,Female,3486331,MobileContract;643;177;760
748,848,2004-06-21,2016-08-04,56,Fast Goat,2019-12-22,Female,16594391,MobileContract;510;673;478
749,849,2007-03-15,2020-02-22,20,Fast Woman,1979-12-22,Female,63104663,InternetContract;785
750,850,2009-10-22,2013-11-30,55,MLG Stalker,1990-09-15,Male,88460547,InternetContract;993
751,851,2007-03-07,2011-10-02,94,Retarded Carrot,2007-09-02,Female,59933815,InternetContract;433
752,852,2005-10-27,2016-02-03,72,Gummy Bear,1991-04-06,Female,88741535,MobileContract;838;984;775
753,853,2007-04-23,2012-08-13,94,Retarded Carrot,2007-09-02,Female,59933815,MobileContract;617;778;865
754,854,1999-03-27,2020-01-21,79,lil Woman,1991-08-29,Female,64479408,DigitalTelevisionContract;fifth
755,855,2010-03-16,2015-03-18,88,Vegan Coder,1981-03-09,Female,97801606,DigitalTelevisionContract;second
756,856,2008-03-29,2016-02-11,65,Masked Quickscoper,1994-03-12,Male,77185032,MobileContract;735;215;655
757,857,2007-05-22,2019-12-29,48,American Horse,2001-05-28,Female,71341428,InternetContract;33
758,858,2008-12-01,2018-12-19,80,Vegan Stalker,2009-08-28,Female,92242392,MobileContract;531;201;427
759,859,2009-01-02,2015-04-13,60,Retarded Quickscoper,1997-02-23,Male,2699191,InternetContract;12
760,860,2000-01-15,2013-10-02,15,American Goblin,1988-01-09,Male,49664705,InternetContract;612
761,861,2003-10-03,2015-06-05,78,Brave Goat,2011-05-24,Female,56330625,DigitalTelevisionContract;fourth
762,862,2002-03-04,2020-02-12,16,lil Goat,1986-04-29,Male,55339046,DigitalTelevisionContract;second
763,863,2009-06-11,2013-06-20,57,American Man,1988-04-19,Male,26007088,InternetContract;881
764,864,2010-05-14,2019-09-26,12,lil Goblin,2018-02-23,Female,94665597,DigitalTelevisionContract;fifth
765,865,2002-10-22,2019-10-22,99,Gummy Quickscoper,1982-03-13,Male,36163050,InternetContract;535
766,866,2008-12-27,2013-05-22,3,Rich Killer,1997-06-14,Female,82328119,DigitalTelevisionContract;fifth
767,867,2000-01-22,2019-06-23,70,Vegan Vegan,1979-08-19,Male,29711255,MobileContract;152;310;154
768,868,2001-09-10,2017-07-30,59,Gummy Learner,2020-04-15,Male,64399353,MobileContract;719;101;718
769,869,2001-08-11,2016-12-16,33,Bisexual Killer,1993-01-23,Female,36050016,MobileContract;587;119;199
770,870,2007-07-21,2019-10-18,88,Vegan Coder,1981-03-09,Female,97801606,MobileContract;583;703;722
771,871,2007-09-16,2019-04-06,64,Super Stalker,2018-06-02,Female,17703268,DigitalTelevisionContract;second
772,872,2005-08-20,2019-03-29,86,Gummy Killer,2013-01-01,Male,52944307,InternetContract;749
773,873,2003-05-21,2017-11-08,16,lil Goat,1986-04-29,Male,55339046,DigitalTelevisionContract;fifth
774,874,2008-01-01,2014-12-08,94,Retarded Carrot,2007-09-02,Female,59933815,DigitalTelevisionContract;fourth
775,875,1999-08-01,2014-09-09,60,Retarded Quickscoper,1997-02-23,Male,2699191,MobileContract;566;559;283
776,876,1999-12-25,2017-11-16,9,Cool Goat,2014-06-30,Female,98820119,InternetContract;731
777,877,2007-03-30,2014-01-01,59,Gummy Learner,2020-04-15,Male,64399353,InternetContract;577
778,878,2008-06-17,2014-04-28,31,Unusual Woman,1992-05-03,Female,76231973,MobileContract;568;785;168
779,879,2002-05-17,2017-06-02,39,Fast Killer,2011-09-15,Female,53893420,MobileContract;770;266;164
780,880,2000-08-17,2016-10-03,31,Unusual Woman,1992-05-03,Female,76231973,MobileContract;191;116;809
781,881,2001-10-20,2015-07-19,79,lil Woman,1991-08-29,Female,64479408,MobileContract;225;396;475
782,882,2006-01-26,2015-03-20,76,Bisexual Spooderman,2012-06-06,Female,10245070,DigitalTelevisionContract;sixth
783,883,2003-10-01,2017-11-07,71,Gummy Spy,1999-09-07,Male,562510,DigitalTelevisionContract;fourth
784,884,2002-08-08,2019-09-01,23,American Horse,1979-07-13,Female,54510239,DigitalTelevisionContract;second
785,885,2008-09-25,2017-12-02,51,Brave Goat,1984-04-10,Male,55231244,DigitalTelevisionContract;fifth
786,886,1999-07-24,2018-09-12,73,lil Man,2020-02-17,Female,31645492,DigitalTelevisionContract;fifth
787,887,2007-11-14,2018-05-10,90,Super Coder,1992-06-16,Male,58017755,InternetContract;114
788,888,2003-08-03,2013-09-06,19,lil Coder,2007-07-05,Male,10136978,MobileContract;911;518;639
789,889,2009-01-09,2015-12-14,43,Sexy Spooderman,2001-07-07,Male,37533327,InternetContract;294
790,890,2004-01-23,2015-09-10,78,Brave Goat,2011-05-24,Female,56330625,DigitalTelevisionContract;first
791,891,2010-02-19,2016-08-09,23,American Horse,1979-07-13,Female,54510239,InternetContract;912
792,892,2003-08-14,2017-04-08,7,Masked Goat,2010-08-08,Female,53974706,InternetContract;637
793,893,2004-03-26,2013-11-21,37,Yummy Woman,1994-12-08,Male,22574739,InternetContract;587
794,894,2008-12-07,2017-01-27,81,Lil Killer,1993-06-04,Female,6587887,MobileContract;989;953;833
795,895,2007-07-29,2013-09-13,9,Cool Goat,2014-06-30,Female,98820119,InternetContract;45
796,896,2005-03-09,2015-01-07,30,Shy Quickscoper,1984-12-10,Male,63518675,MobileContract;586;896;532
797,897,2001-06-18,2017-03-19,42,Lil Stalker,1991-03-23,Female,17539779,MobileContract;552;321;193
798,898,2004-02-04,2013-10-15,90,Super Coder,1992-06-16,Male,58017755,InternetContract;209
799,899,2008-07-13,2015-06-26,55,MLG Stalker,1990-09-15,Male,88460547,InternetContract;278
800,900,2008-06-17,2013-03-24,40,Rich Programmer,1997-12-24,Female,84492656,InternetContract;773
801,901,2005-03-02,2014-09-30,62,Masked Man,1983-06-28,Female,68718479,MobileContract;623;281;654
802,902,2005-01-12,2017-08-13,61,American Horse,2000-11-01,Male,20354592,DigitalTelevisionContract;third
803,903,2006-06-22,2018-11-27,36,Retarded Coder,1981-08-17,Female,10081455,DigitalTelevisionContract;fourth
804,904,2006-08-06,2012-12-13,19,lil Coder,2007-07-05,Male,10136978,DigitalTelevisionContract;third
805,905,2007-04-03,2018-01-13,94,Retarded Carrot,2007-09-02,Female,59933815,DigitalTelevisionContract;sixth
806,906,1999-08-19,2019-06-28,55,MLG Stalker,1990-09-15,Male,88460547,InternetContract;609
807,907,2002-12-06,2013-12-03,33,Bisexual Killer,1993-01-23,Female,36050016,InternetContract;541
808,908,2001-01-19,2014-02-16,85,Vegan Vegan,2020-07-13,Female,14429489,InternetContract;884
809,909,2007-11-09,2012-04-01,66,Fast Vegan,1983-04-06,Male,58573215,InternetContract;681
810,910,2005-02-04,2019-07-18,29,MLG Carrot,1979-08-13,Male,89670216,DigitalTelevisionContract;first
811,911,2006-12-24,2015-04-15,76,Bisexual Spooderman,2012-06-06,Female,10245070,DigitalTelevisionContract;fourth
812,912,2001-06-01,2015-11-12,38,lil Spy,2002-06-07,Female,54569486,MobileContract;597;204;898
813,913,2006-12-19,2012-11-30,35,Rich Carrot,1986-12-17,Male,29675258,DigitalTelevisionContract;second
814,914,2008-04-05,2019-02-26,95,Great Quickscoper,2009-02-02,Male,37247843,MobileContract;276;604;355
815,915,1998-12-23,2014-08-15,96,MLG Goat,2008-05-25,Male,14921073,DigitalTelevisionContract;second
816,916,2008-03-12,2012-12-18,30,Shy Quickscoper,1984-12-10,Male,63518675,DigitalTelevisionContract;second
817,917,2007-05-23,2012-05-22,59,Gummy Learner,2020-04-15,Male,64399353,DigitalTelevisionContract;second
818,918,2004-10-02,2018-05-14,45,American Man,1998-06-05,Female,3389856,MobileContract;515;501;287
819,919,2000-06-25,2016-09-14,67,Rich Killer,1989-01-16,Female,25860769,MobileContract;717;280;739
820,920,2009-02-26,2013-12-09,78,Brave Goat,2011-05-24,Female,56330625,DigitalTelevisionContract;first
821,921,2001-05-14,2014-11-14,79,lil Woman,1991-08-29,Female,64479408,MobileContract;775;303;673
822,922,1999-02-01,2015-06-23,91,Great Spooderman,1998-04-26,Female,21543088,InternetContract;342
823,923,2003-05-10,2012-12-09,81,Lil Killer,1993-06-04,Female,6587887,MobileContract;354;369;463
824,924,2002-02-26,2014-05-24,27,Brave Coder,1984-10-31,Male,36366842,DigitalTelevisionContract;fourth
825,925,2005-10-21,2014-01-13,23,American Horse,1979-07-13,Female,54510239,InternetContract;955
826,926,2009-05-12,2019-07-01,79,lil Woman,1991-08-29,Female,64479408,InternetContract;143
827,927,1998-09-21,2016-05-14,64,Super Stalker,2018-06-02,Female,17703268,MobileContract;742;301;414
828,928,2007-08-06,2016-07-25,44,Great Man,2017-01-24,Female,90072529,InternetContract;548
829,929,1998-12-06,2013-06-26,27,Brave Coder,1984-10-31,Male,36366842,MobileContract;251;667;198
830,930,2005-05-25,2013-05-13,34,American Goat,2019-10-16,Male,83186942,InternetContract;560
831,931,2001-04-08,2018-06-01,59,Gummy Learner,2020-04-15,Male,64399353,DigitalTelevisionContract;sixth
832,932,1999-12-22,2019-09-25,81,Lil Killer,1993-06-04,Female,6587887,MobileContract;700;601;577
833,933,2007-04-09,2015-03-31,96,MLG Goat,2008-05-25,Male,14921073,MobileContract;827;564;111
834,934,2005-10-25,2019-10-24,28,Rich Quickscoper,1981-03-12,Male,38113751,InternetContract;605
835,935,2007-08-21,2013-12-01,52,Great Spy,1983-06-05,Male,72894698,MobileContract;870;632;161
836,936,2001-01-29,2018-02-03,76,Bisexual Spooderman,2012-06-06,Female,10245070,DigitalTelevisionContract;first
837,937,2008-06-02,2013-03-09,44,Great Man,2017-01-24,Female,90072529,MobileContract;289;326;593
838,938,2008-08-06,2019-09-26,75,Vegan Killer,2007-06-05,Female,46057169,MobileContract;389;271;132
839,939,2009-09-07,2019-12-18,88,Vegan Coder,1981-03-09,Female,97801606,InternetContract;74
840,940,2006-01-02,2012-08-21,98,Retarded Spooderman,2018-10-26,Male,80722447,InternetContract;754
841,941,2008-06-16,2020-04-03,79,lil Woman,1991-08-29,Female,64479408,DigitalTelevisionContract;fourth
842,942,2000-02-26,2016-10-25,65,Masked Quickscoper,1994-03-12,Male,77185032,DigitalTelevisionContract;third
843,943,2004-07-09,2012-05-07,5,Bisexual Killer,2019-05-24,Female,3486331,InternetContract;94
844,944,2004-01-15,2015-09-30,71,Gummy Spy,1999-09-07,Male,562510,DigitalTelevisionContract;fourth
845,945,2003-08-29,2019-11-07,64,Super Stalker,2018-06-02,Female,17703268,InternetContract;575
846,946,2004-07-30,2018-07-22,49,Unusual Spooderman,1989-03-13,Male,78289403,MobileContract;847;557;557
847,947,2000-02-03,2015-07-17,75,Vegan Killer,2007-06-05,Female,46057169,MobileContract;168;761;312
848,948,2002-07-03,2016-11-11,31,Unusual Woman,1992-05-03,Female,76231973,InternetContract;740
849,949,2000-07-30,2018-12-31,76,Bisexual Spooderman,2012-06-06,Female,10245070,InternetContract;626
850,950,2009-10-09,2016-05-11,6,Brave Killer,1984-10-27,Male,46731805,InternetContract;565
851,951,1998-08-02,2015-09-09,62,Masked Man,1983-06-28,Female,68718479,DigitalTelevisionContract;sixth
852,952,2007-10-10,2015-11-09,23,American Horse,1979-07-13,Female,54510239,MobileContract;603;967;876
853,953,2006-09-22,2015-07-10,26,Super Horse,1981-10-05,Male,12495472,InternetContract;941
854,954,2007-04-05,2015-03-27,68,Masked Killer,1984-10-31,Female,97827684,MobileContract;682;746;165
855,955,2004-01-09,2013-03-04,88,Vegan Coder,1981-03-09,Female,97801606,InternetContract;872
856,956,2003-12-07,2015-11-01,91,Great Spooderman,1998-04-26,Female,21543088,MobileContract;625;462;511
857,957,2007-05-15,2017-02-24,14,Lil Horse,1980-12-12,Male,16889186,InternetContract;755
858,958,2008-08-26,2017-08-03,72,Gummy Bear,1991-04-06,Female,88741535,MobileContract;383;983;689
859,959,2005-10-24,2016-07-29,91,Great Spooderman,1998-04-26,Female,21543088,MobileContract;469;718;165
860,960,2006-04-16,2013-05-15,42,Lil Stalker,1991-03-23,Female,17539779,InternetContract;885
861,961,2003-07-09,2015-11-20,74,Cool Quickscoper,1979-03-23,Female,69107812,MobileContract;715;521;789
862,962,2009-09-13,2013-05-17,24,American Man,2007-12-18,Male,55555777,InternetContract;537
863,963,1999-01-29,2019-07-25,77,Fast Killer,2003-11-14,Male,93197140,DigitalTelevisionContract;third
864,964,2005-12-12,2018-08-01,59,Gummy Learner,2020-04-15,Male,64399353,DigitalTelevisionContract;fourth
865,965,2007-11-05,2016-03-15,3,Rich Killer,1997-06-14,Female,82328119,MobileContract;844;220;366
866,966,2003-08-14,2011-05-31,77,Fast Killer,2003-11-14,Male,93197140,MobileContract;667;694;489
867,967,1998-07-04,2011-11-06,8,Masked Coder,1983-06-10,Male,22836119,DigitalTelevisionContract;sixth
868,968,2008-04-18,2015-09-09,95,Great Quickscoper,2009-02-02,Male,37247843,MobileContract;621;460;283
869,969,2003-01-19,2019-12-05,30,Shy Quickscoper,1984-12-10,Male,63518675,DigitalTelevisionContract;third
870,970,2002-08-03,2019-01-08,64,Super Stalker,2018-06-02,Female,17703268,InternetContract;207
871,971,2000-03-10,2020-02-26,98,Retarded Spooderman,2018-10-26,Male,80722447,InternetContract;291
872,972,2009-12-04,2014-02-28,45,American Man,1998-06-05,Female,3389856,MobileContract;677;313;936
873,973,2002-09-19,2018-01-03,92,Cool Man,1990-01-20,Female,43846742,DigitalTelevisionContract;first
874,974,2000-09-01,2018-08-03,60,Retarded Quickscoper,1997-02-23,Male,2699191,InternetContract;994
875,975,2004-10-19,2015-01-09,98,Retarded Spooderman,2018-10-26,Male,80722447,DigitalTelevisionContract;third
876,976,2002-10-12,2019-02-14,82,Lil Goblin,1988-01-21,Male,41383926,DigitalTelevisionContract;fourth
877,977,1999-07-21,2017-05-02,39,Fast Killer,2011-09-15,Female,53893420,InternetContract;100
878,978,2010-02-21,2013-08-14,4,Vegan Programmer,2005-09-04,Male,46447819,MobileContract;505;572;309
879,979,2003-10-17,2013-03-28,68,Masked Killer,1984-10-31,Female,97827684,InternetContract;196
880,980,1999-10-17,2019-09-26,39,Fast Killer,2011-09-15,Female,53893420,MobileContract;425;436;250
881,981,2008-06-27,2018-11-12,19,lil Coder,2007-07-05,Male,10136978,InternetContract;69
882,982,2004-05-13,2019-04-13,59,Gummy Learner,2020-04-15,Male,64399353,InternetContract;551
883,983,2007-01-27,2012-07-25,46,Vegan Vegan,1998-06-07,Female,70782796,DigitalTelevisionContract;first
884,984,1999-05-01,2014-06-07,23,American Horse,1979-07-13,Female,54510239,MobileContract;895;732;153
885,985,2009-04-14,2019-07-06,30,Shy Quickscoper,1984-12-10,Male,63518675,InternetContract;535
886,986,1998-10-19,2011-10-24,5,Bisexual Killer,2019-05-24,Female,3486331,MobileContract;732;184;992
887,987,2005-06-20,2016-03-12,15,American Goblin,1988-01-09,Male,49664705,InternetContract;210
888,988,2002-05-20,2014-09-01,35,Rich Carrot,1986-12-17,Male,29675258,InternetContract;124
889,989,2003-08-07,2012-09-27,73,lil Man,2020-02-17,Female,31645492,InternetContract;290
890,990,2002-10-05,2016-01-26,55,MLG Stalker,1990-09-15,Male,88460547,DigitalTelevisionContract;sixth
891,991,2006-09-24,2011-10-29,40,Rich Programmer,1997-12-24,Female,84492656,InternetContract;671
892,992,1999-11-20,2013-02-04,76,Bisexual Spooderman,2012-06-06,Female,10245070,InternetContract;159
893,993,2006-04-13,2017-09-22,78,Brave Goat,2011-05-24,Female,56330625,InternetContract;123
894,994,1998-08-16,2014-03-19,24,American Man,2007-12-18,Male,55555777,MobileContract;199;808;624
895,995,2005-11-28,2012-09-17,77,Fast Killer,2003-11-14,Male,93197140,InternetContract;523
896,996,2006-03-07,2019-07-08,87,Mlg Quickscoper,1982-06-09,Male,56143266,DigitalTelevisionContract;second
897,997,2000-02-25,2013-09-26,55,MLG Stalker,1990-09-15,Male,88460547,InternetContract;940
898,998,1999-04-10,2014-08-20,34,American Goat,2019-10-16,Male,83186942,InternetContract;908
899,999,2003-08-24,2018-08-31,67,Rich Killer,1989-01-16,Female,25860769,DigitalTelevisionContract;third
900,1000,1998-09-05,2013-05-30,99,Gummy Quickscoper,1982-03-13,Male,36163050,InternetContract;938
901,1001,2009-12-15,2019-12-18,12,lil Goblin,2018-02-23,Female,94665597,MobileContract;163;409;205
902,1002,2001-03-07,2013-10-07,12,lil Goblin,2018-02-23,Female,94665597,DigitalTelevisionContract;second
903,1003,2003-05-10,2014-02-11,28,Rich Quickscoper,1981-03-12,Male,38113751,DigitalTelevisionContract;sixth
904,1004,1998-10-05,2012-11-26,9,Cool Goat,2014-06-30,Female,98820119,MobileContract;928;231;199
905,1005,1999-05-24,2013-03-18,35,Rich Carrot,1986-12-17,Male,29675258,InternetContract;640
906,1006,2000-10-29,2012-08-10,43,Sexy Spooderman,2001-07-07,Male,37533327,DigitalTelevisionContract;first
907,1007,2001-12-23,2015-12-26,72,Gummy Bear,1991-04-06,Female,88741535,MobileContract;222;863;106
908,1008,2002-05-19,2012-07-30,86,Gummy Killer,2013-01-01,Male,52944307,MobileContract;381;158;445
909,1009,2006-02-07,2012-09-18,72,Gummy Bear,1991-04-06,Female,88741535,DigitalTelevisionContract;fourth
910,1010,2010-01-25,2014-01-27,32,Cool Quickscoper,2020-01-26,Female,75549557,InternetContract;570
911,1011,1999-04-18,2011-06-30,38,lil Spy,2002-06-07,Female,54569486,DigitalTelevisionContract;fourth
912,1012,2007-02-01,2012-02-27,25,Fast Hacker,2000-08-19,Male,33415261,InternetContract;513
913,1013,2004-04-10,2012-06-17,28,Rich Quickscoper,1981-03-12,Male,38113751,InternetContract;369
914,1014,2000-12-16,2018-10-31,76,Bisexual Spooderman,2012-06-06,Female,10245070,MobileContract;578;147;589
915,1015,2003-06-08,2016-01-04,3,Rich Killer,1997-06-14,Female,82328119,InternetContract;129
916,1016,2000-05-16,2018-07-14,55,MLG Stalker,1990-09-15,Male,88460547,MobileContract;777;181;623
917,1017,2007-05-03,2014-07-08,16,lil Goat,1986-04-29,Male,55339046,DigitalTelevisionContract;second
918,1018,2005-01-12,2013-01-05,2,Great Quickscoper,2011-06-30,Male,63598839,MobileContract;583;853;372
919,1019,2003-12-15,2011-11-14,39,Fast Killer,2011-09-15,Female,53893420,DigitalTelevisionContract;third
920,1020,2004-09-27,2012-10-24,77,Fast Killer,2003-11-14,Male,93197140,DigitalTelevisionContract;second
921,1021,2002-12-15,2013-07-31,29,MLG Carrot,1979-08-13,Male,89670216,InternetContract;941
922,1022,2004-12-19,2014-11-25,31,Unusual Woman,1992-05-03,Female,76231973,DigitalTelevisionContract;second
923,1023,2003-08-26,2020-01-07,54,American Learner,1979-12-16,Female,18480699,InternetContract;904
924,1024,1999-02-08,2012-09-20,48,American Horse,2001-05-28,Female,71341428,MobileContract;785;524;832
925,1025,2006-06-23,2015-03-24,85,Vegan Vegan,2020-07-13,Female,14429489,DigitalTelevisionContract;first
926,1026,2002-02-28,2015-08-03,6,Brave Killer,1984-10-27,Male,46731805,InternetContract;782
927,1027,1999-10-06,2011-12-18,58,Mlg Man,1988-09-12,Female,51173118,DigitalTelevisionContract;fifth
928,1028,2003-12-18,2016-02-06,35,Rich Carrot,1986-12-17,Male,29675258,MobileContract;699;742;373
929,1029,1998-08-20,2018-10-19,42,Lil Stalker,1991-03-23,Female,17539779,MobileContract;302;527;962
930,1030,2000-06-23,2017-05-14,37,Yummy Woman,1994-12-08,Male,22574739,InternetContract;598
931,1031,2000-10-05,2018-11-13,75,Vegan Killer,2007-06-05,Female,46057169,InternetContract;550
932,1032,2001-08-09,2015-01-14,62,Masked Man,1983-06-28,Female,68718479,InternetContract;136
933,1033,2001-06-18,2016-12-23,46,Vegan Vegan,1998-06-07,Female,70782796,InternetContract;302
934,1034,2007-03-04,2018-10-26,84,Lil Killer,2009-09-03,Male,25499239,MobileContract;386;693;979
935,1035,2001-03-18,2019-08-15,34,American Goat,2019-10-16,Male,83186942,DigitalTelevisionContract;third
936,1036,2008-08-27,2012-05-08,11,Great Man,1993-01-12,Male,37243327,MobileContract;769;897;637
937,1037,2004-03-31,2014-01-20,96,MLG Goat,2008-05-25,Male,14921073,MobileContract;928;284;774
938,1038,2010-03-24,2013-06-12,29,MLG Carrot,1979-08-13,Male,89670216,MobileContract;243;692;705
939,1039,2006-09-23,2014-09-17,52,Great Spy,1983-06-05,Male,72894698,DigitalTelevisionContract;first
940,1040,2009-03-25,2014-08-04,89,Shy Programmer,2009-07-03,Female,24246600,DigitalTelevisionContract;sixth
941,1041,2008-08-31,2019-01-09,35,Rich Carrot,1986-12-17,Male,29675258,MobileContract;814;703;481
942,1042,2009-03-23,2020-04-27,77,Fast Killer,2003-11-14,Male,93197140,MobileContract;409;973;600
943,1043,2003-05-02,2013-07-11,20,Fast Woman,1979-12-22,Female,63104663,InternetContract;829
944,1044,2000-11-08,2018-11-21,66,Fast Vegan,1983-04-06,Male,58573215,InternetContract;857
945,1045,1998-10-24,2016-03-26,96,MLG Goat,2008-05-25,Male,14921073,InternetContract;389
946,1046,2006-08-29,2017-09-28,47,Cool Horse,2001-08-10,Male,13055736,MobileContract;924;982;245
947,1047,1999-11-24,2017-08-26,13,Vegan Spy,2016-10-25,Male,25272848,DigitalTelevisionContract;fourth
948,1048,2003-04-01,2014-03-29,63,Yummy Vegan,2018-05-13,Female,72938591,DigitalTelevisionContract;third
949,1049,2002-07-09,2011-12-11,0,Bisexual Quickscoper,2009-12-20,Male,94616285,MobileContract;992;824;416
950,1050,2004-09-25,2014-12-06,64,Super Stalker,2018-06-02,Female,17703268,MobileContract;761;526;718
951,1051,2009-02-17,2016-02-25,34,American Goat,2019-10-16,Male,83186942,InternetContract;498
952,1052,2001-01-08,2015-01-26,95,Great Quickscoper,2009-02-02,Male,37247843,MobileContract;684;627;937
953,1053,1999-03-14,2015-12-04,5,Bisexual Killer,2019-05-24,Female,3486331,MobileContract;152;876;935
954,1054,2009-02-10,2015-09-10,62,Masked Man,1983-06-28,Female,68718479,DigitalTelevisionContract;sixth
955,1055,1998-07-22,2017-03-07,10,Mlg Stalker,1984-01-08,Female,70443530,InternetContract;979
956,1056,2004-07-13,2018-05-09,90,Super Coder,1992-06-16,Male,58017755,MobileContract;389;439;474
957,1057,2003-12-11,2013-06-05,60,Retarded Quickscoper,1997-02-23,Male,2699191,MobileContract;121;144;121
958,1058,2007-04-25,2013-05-31,53,Vegan Goblin,2016-12-06,Male,12498193,MobileContract;744;372;540
959,1059,2005-11-16,2012-05-30,59,Gummy Learner,2020-04-15,Male,64399353,DigitalTelevisionContract;sixth
960,1060,2001-04-26,2015-07-19,86,Gummy Killer,2013-01-01,Male,52944307,DigitalTelevisionContract;fifth
961,1061,2002-07-25,2012-08-07,53,Vegan Goblin,2016-12-06,Male,12498193,MobileContract;315;851;914
962,1062,2005-10-05,2012-11-21,77,Fast Killer,2003-11-14,Male,93197140,InternetContract;601
963,1063,1999-01-03,2018-11-29,95,Great Quickscoper,2009-02-02,Male,37247843,InternetContract;296
964,1064,2009-12-31,2020-04-05,23,American Horse,1979-07-13,Female,54510239,DigitalTelevisionContract;sixth
965,1065,1998-11-05,2017-08-18,15,American Goblin,1988-01-09,Male,49664705,MobileContract;449;554;615
966,1066,1999-07-27,2014-05-17,12,lil Goblin,2018-02-23,Female,94665597,InternetContract;98
967,1067,2009-08-23,2013-01-07,66,Fast Vegan,1983-04-06,Male,58573215,DigitalTelevisionContract;third
968,1068,2004-09-02,2011-09-06,86,Gummy Killer,2013-01-01,Male,52944307,MobileContract;975;286;623
969,1069,2003-03-13,2014-04-01,26,Super Horse,1981-10-05,Male,12495472,MobileContract;913;264;546
970,1070,2003-09-17,2013-06-10,70,Vegan Vegan,1979-08-19,Male,29711255,DigitalTelevisionContract;second
971,1071,1999-10-13,2015-10-19,99,Gummy Quickscoper,1982-03-13,Male,36163050,DigitalTelevisionContract;fifth
972,1072,2007-12-30,2012-02-12,17,Fast Goat,1988-04-22,Male,13048738,MobileContract;913;222;538
973,1073,2007-11-19,2015-05-17,86,Gummy Killer,2013-01-01,Male,52944307,MobileContract;363;456;278
974,1074,2000-03-12,2019-08-19,76,Bisexual Spooderman,2012-06-06,Female,10245070,DigitalTelevisionContract;second
975,1075,2008-02-16,2011-06-16,38,lil Spy,2002-06-07,Female,54569486,DigitalTelevisionContract;fourth
976,1076,2009-01-18,2017-06-11,89,Shy Programmer,2009-07-03,Female,24246600,MobileContract;987;523;732
977,1077,2007-07-04,2016-10-29,69,Great Learner,1997-05-25,Female,31236158,MobileContract;254;935;240
978,1078,2007-05-15,2013-01-20,55,MLG Stalker,1990-09-15,Male,88460547,MobileContract;939;713;459
979,1079,2006-11-19,2012-05-08,93,Mlg Woman,2009-09-19,Female,35113267,DigitalTelevisionContract;first
980,1080,2008-12-29,2011-05-27,39,Fast Killer,2011-09-15,Female,53893420,InternetContract;168
981,1081,2004-04-13,2018-06-18,85,Vegan Vegan,2020-07-13,Female,14429489,DigitalTelevisionContract;first
982,1082,2006-06-22,2019-10-20,87,Mlg Quickscoper,1982-06-09,Male,56143266,DigitalTelevisionContract;sixth
983,1083,2008-08-31,2020-05-11,33,Bisexual Killer,1993-01-23,Female,36050016,MobileContract;466;781;745
984,1084,1998-11-21,2012-01-21,69,Great Learner,1997-05-25,Female,31236158,MobileContract;185;653;887
985,1085,2007-09-18,2018-03-25,49,Unusual Spooderman,1989-03-13,Male,78289403,MobileContract;207;398;707
986,1086,2001-01-06,2013-12-25,54,American Learner,1979-12-16,Female,18480699,DigitalTelevisionContract;sixth
987,1087,1999-09-14,2011-08-05,57,American Man,1988-04-19,Male,26007088,DigitalTelevisionContract;fifth
988,1088,2008-07-04,2019-09-17,10,Mlg Stalker,1984-01-08,Female,70443530,MobileContract;953;292;100
989,1089,2010-03-13,2014-09-25,50,Gummy Bear,2006-11-03,Female,53719207,DigitalTelevisionContract;sixth
990,1090,2003-11-10,2018-01-07,32,Cool Quickscoper,2020-01-26,Female,75549557,InternetContract;926
991,1091,2008-07-15,2013-02-05,27,Brave Coder,1984-10-31,Male,36366842,DigitalTelevisionContract;third
992,1092,1998-10-15,2017-03-23,31,Unusual Woman,1992-05-03,Female,76231973,DigitalTelevisionContract;fourth
993,1093,2008-01-19,2015-10-11,42,Lil Stalker,1991-03-23,Female,17539779,MobileContract;304;312;444
994,1094,2007-11-14,2016-03-24,2,Great Quickscoper,2011-06-30,Male,63598839,MobileContract;203;829;287
995,1095,2001-12-21,2011-11-10,42,Lil Stalker,1991-03-23,Female,17539779,InternetContract;918
996,1096,2007-10-12,2013-08-20,36,Retarded Coder,1981-08-17,Female,10081455,InternetContract;160
997,1097,2004-05-11,2015-08-29,30,Shy Quickscoper,1984-12-10,Male,63518675,DigitalTelevisionContract;sixth
998,1098,2006-10-12,2016-11-07,78,Brave Goat,2011-05-24,Female,56330625,InternetContract;331
999,1099,2008-08-27,2017-09-09,78,Brave Goat,2011-05-24,Female,56330625,InternetContract;986
